wavelength / nm,absorption x-section / m^2 for concn=0.02 mM,absorption x-section / m^2 for concn=0.2 mM,absorption x-section / m^2 for concn=2.0 mM,absorption x-section / m^2 for concn=20.0 mM
300.0,2.3179294771216734e-21,1.5359476304274201e-21,1.5718888327869287e-22,1.4682189720159101e-23
301.0,2.2038144216610688e-21,1.5092385202794064e-21,1.5700952486072859e-22,1.4703010590771618e-23
302.0,2.108817027029989e-21,1.4710588136336773e-21,1.5721251965935483e-22,1.4704713800554612e-23
303.0,2.0138196323989099e-21,1.4290555748220429e-21,1.5684198463309528e-22,1.4668181688678556e-23
304.0,1.8997045769383049e-21,1.4042582307569819e-21,1.5628027299854048e-22,1.4631649576802499e-23
305.0,1.7282365389891222e-21,1.3393137989499167e-21,1.5648326779716674e-22,1.4614235125755966e-23
306.0,1.5376508402104145e-21,1.247604641981516e-21,1.5649508598749771e-22,1.4654173657198013e-23
307.0,1.461771106408861e-21,1.1864837423403559e-21,1.5650690417782868e-22,1.4655876866981004e-23
308.0,1.3476560509482558e-21,1.1253628426991957e-21,1.5670989897645492e-22,1.4657580076764001e-23
309.0,1.2526586563171763e-21,1.0585066448091784e-21,1.5633936395019537e-22,1.4640165625717468e-23
310.0,1.1576612616860966e-21,1.0012092773339236e-21,1.5596882892393587e-22,1.4622751174670938e-23
311.0,1.0817815278845429e-21,9.4582367594162109e-22,1.5598064711426683e-22,1.4586219062794881e-23
312.0,1.0250194549125148e-21,8.9617337279817677e-22,1.5580128869630255e-22,1.4568804611748349e-23
313.0,9.6825738194048675e-22,8.5417013398654236e-22,1.5581310688663355e-22,1.4570507821531342e-23
314.0,9.1149530896845869e-22,8.1599042734081328e-22,1.5582492507696451e-22,1.4572211031314336e-23
315.0,8.7385089682595615e-22,7.83546018943942e-22,1.5545439005070499e-22,1.4554796580267806e-23
316.0,8.5532414551297951e-22,7.6066044096183339e-22,1.5527503163274073e-22,1.4537382129221273e-23
317.0,8.3679739420000287e-22,7.4159839514562983e-22,1.552868498230717e-22,1.4558202999833794e-23
318.0,8.1827064288702613e-22,7.3018341366123674e-22,1.5548984462169794e-22,1.4559906209616787e-23
319.0,8.188615524035752e-22,7.1876843217684365e-22,1.5569283942032415e-22,1.4580727080229308e-23
320.0,8.1945246192012399e-22,7.0926521677540304e-22,1.5570465761065512e-22,1.4563312629182775e-23
321.0,8.0092571060714744e-22,7.0358553353986748e-22,1.5552529919269084e-22,1.4545898178136245e-23
322.0,7.8239895929417061e-22,7.0172938247023715e-22,1.5515476416643134e-22,1.4547601387919239e-23
323.0,7.8298986881071977e-22,7.0943206181536977e-22,1.5459305253187654e-22,1.4568422258531759e-23
324.0,8.0269843915679436e-22,7.2095827332640743e-22,1.5479604733050278e-22,1.4589243129144279e-23
325.0,8.4152467033239465e-22,7.3821978308630281e-22,1.5538139534571951e-22,1.4648299321415849e-23
326.0,8.6123324067846943e-22,7.5548129284619819e-22,1.5558439014434575e-22,1.4630884870369317e-23
327.0,8.8094181102454402e-22,7.8038986693790386e-22,1.5597856155126724e-22,1.4632588080152313e-23
328.0,9.1976804220014431e-22,8.0912197319551466e-22,1.5599037974159823e-22,1.4634291289935307e-23
329.0,9.5859427337574461e-22,8.3785407945312547e-22,1.5581102132363398e-22,1.4635994499718301e-23
330.0,9.9742050455134491e-22,8.6658618571073618e-22,1.5620519273055544e-22,1.4656815370330818e-23
331.0,1.0171290748974195e-21,8.9149475980244184e-22,1.5640818752918168e-22,1.4677636240943338e-23
332.0,1.05595530607302e-21,9.2022686606005264e-22,1.5642000571951265e-22,1.4679339450726332e-23
333.0,1.0756638764190946e-21,9.4131190798585298e-22,1.5681417712643416e-22,1.4719277982168379e-23
334.0,1.0762547859356436e-21,9.547498855798434e-22,1.5644364210017463e-22,1.4720981191951373e-23
335.0,1.0768456954521927e-21,9.6818786317383364e-22,1.5626428368221035e-22,1.4703566740904843e-23
336.0,1.0965542657982673e-21,9.8162584076782388e-22,1.5608492526424607e-22,1.468615228985831e-23
337.0,1.1162628361443419e-21,9.9888735052771926e-22,1.5609674345457704e-22,1.4687855499641304e-23
338.0,1.1359714064904165e-21,1.0161488602876146e-21,1.5629973825320328e-22,1.472779403108335e-23
339.0,1.1747976376660168e-21,1.0410574343793203e-21,1.5669390966012477e-22,1.4710379580036818e-23
340.0,1.2136238688416174e-21,1.0717013067198836e-21,1.5708808106704628e-22,1.4673847468160761e-23
341.0,1.290685421676269e-21,1.1099922433922573e-21,1.5709989925737725e-22,1.4694668338773281e-23
342.0,1.3486293136813953e-21,1.152106712230536e-21,1.5672936423111772e-22,1.4715489209385802e-23
343.0,1.4256908665160469e-21,1.1923094149858621e-21,1.5674118242144869e-22,1.4698074758339269e-23
344.0,1.5218700801802245e-21,1.234423883824141e-21,1.571353538283702e-22,1.4680660307292736e-23
345.0,1.6180492938444019e-21,1.280361884828325e-21,1.5733834862699641e-22,1.4701481177905256e-23
346.0,1.695110846679053e-21,1.3167410554177461e-21,1.5677663699244164e-22,1.4760537370176827e-23
347.0,1.7530547386841792e-21,1.3435613955924042e-21,1.5640610196618209e-22,1.4743122919130297e-23
348.0,1.7918809698597799e-21,1.3550876071034418e-21,1.5603556693992256e-22,1.4649237824765661e-23
349.0,1.8307072010353798e-21,1.3627902864485743e-21,1.5566503191366301e-22,1.4612705712889604e-23
350.0,1.8312981105519291e-21,1.3628459014618966e-21,1.5605920332058452e-22,1.4614408922672598e-23
351.0,1.7363007159208496e-21,1.343783855645693e-21,1.5607102151091551e-22,1.4616112132455592e-23
352.0,1.660420982119296e-21,1.3094276811658693e-21,1.5531813326806547e-22,1.4579580020579535e-23
353.0,1.5845412483177421e-21,1.2636009101883299e-21,1.545652450252154e-22,1.4543047908703479e-23
354.0,1.4513085320276112e-21,1.2120388409619329e-21,1.5419470999895587e-22,1.4525633457656946e-23
355.0,1.337193476567006e-21,1.1490061752378201e-21,1.5420652818928684e-22,1.4469983684951363e-23
356.0,1.2421960819359267e-21,1.0917088077625654e-21,1.5421834637961783e-22,1.445256923390483e-23
357.0,1.204551669793424e-21,1.0649996976145519e-21,1.5442134117824404e-22,1.4492507765346877e-23
358.0,1.1286719359918706e-21,1.0000552658074866e-21,1.5424198276027979e-22,1.4532446296788924e-23
359.0,1.0145568805312652e-21,9.2746376966861126e-22,1.5406262434231551e-22,1.4534149506571918e-23
360.0,9.1955948590018574e-22,8.5296050744678343e-22,1.5770679809025637e-22,1.4937323593774951e-23
361.0,8.0544443043958065e-22,7.5742781831247713e-22,1.6211567827137825e-22,1.5359615341807508e-23
362.0,7.486823574675525e-22,6.9821868475426977e-22,1.6212749646170924e-22,1.5380436212420028e-23
363.0,6.7280262366599873e-22,6.4665661552787269e-22,1.6213931465204023e-22,1.5382139422203022e-23
364.0,6.3515821152349638e-22,6.0082984455033333e-22,1.6215113284237122e-22,1.5364724971156492e-23
365.0,5.9751379938099394e-22,5.588266057386991e-22,1.6158942120781642e-22,1.5385545841769012e-23
366.0,5.5986938723849158e-22,5.225586651759225e-22,1.6102770957326163e-22,1.5349013729892956e-23
367.0,5.2222497509598914e-22,4.8629072461314599e-22,1.6084835115529735e-22,1.5350716939675949e-23
368.0,4.6546290212396099e-22,4.5766984838217967e-22,1.6047781612903782e-22,1.533330248862942e-23
369.0,4.4693615081098435e-22,4.3287250431711849e-22,1.6029845771107354e-22,1.529677037675336e-23
370.0,4.284093994980077e-22,4.0998692633500997e-22,1.5973674607651874e-22,1.531759124736588e-23
371.0,4.0988264818503087e-22,3.9283664660175912e-22,1.589838578336687e-22,1.5319294457148874e-23
372.0,3.9135589687205423e-22,3.7377460078555566e-22,1.5823096959081863e-22,1.5301880006102341e-23
373.0,3.728291455590775e-22,3.6235961930116252e-22,1.5728690473967333e-22,1.5284465555055811e-23
374.0,3.5430239424610076e-22,3.5285640389972191e-22,1.5710754632170905e-22,1.5267051104009279e-23
375.0,3.5489330376264978e-22,3.4717672066418653e-22,1.569281879037448e-22,1.5287871974621799e-23
376.0,3.7460187410872442e-22,3.4149703742865106e-22,1.5655765287748527e-22,1.5308692845234319e-23
377.0,3.7519278362527339e-22,3.3772912027606816e-22,1.5618711785122572e-22,1.5272160733358263e-23
378.0,3.566660323122967e-22,3.3587296920643783e-22,1.5562540621667092e-22,1.525474628231173e-23
379.0,3.5725694182884567e-22,3.3592858421976012e-22,1.5563722440700189e-22,1.5256449492094724e-23
380.0,3.5784785134539465e-22,3.3789596531603493e-22,1.560313958139234e-22,1.5258152701877717e-23
381.0,3.5843876086194362e-22,3.3986334641230979e-22,1.5623439061254964e-22,1.5240738250831187e-23
382.0,3.7814733120801825e-22,3.4183072750858456e-22,1.5624620880288061e-22,1.5242441460614181e-23
383.0,3.7873824072456727e-22,3.4188634252190685e-22,1.5606685038491633e-22,1.5244144670397178e-23
384.0,3.7932915024111625e-22,3.4385372361818166e-22,1.5607866857524732e-22,1.5226730219350642e-23
385.0,3.6080239892813951e-22,3.4390933863150395e-22,1.5609048676557829e-22,1.5209315768304112e-23
386.0,3.6139330844468853e-22,3.4396495364482619e-22,1.5629348156420453e-22,1.5211018978087106e-23
387.0,3.6198421796123746e-22,3.4402056865814848e-22,1.5630529975453552e-22,1.52127221878701e-23
388.0,3.6257512747778643e-22,3.4407618367147068e-22,1.5612594133657124e-22,1.5214425397653096e-23
389.0,3.8228369782386111e-22,3.4222003260184039e-22,1.5575540631031171e-22,1.521612860743609e-23
390.0,3.8287460734041004e-22,3.3845211544925749e-22,1.5538487128405216e-22,1.5179596495560031e-23
391.0,3.8346551685695911e-22,3.3468419829667459e-22,1.5520551286608788e-22,1.5162182044513498e-23
392.0,3.6493876554398232e-22,3.3282804722704431e-22,1.5521733105641885e-22,1.5163885254296492e-23
393.0,3.6552967506053134e-22,3.2714836399150889e-22,1.5503797263845459e-22,1.5184706124909015e-23
394.0,3.4700292374755461e-22,3.2338044683892594e-22,1.5466743761219504e-22,1.5167291673862482e-23
395.0,3.4759383326410358e-22,3.1578899752043795e-22,1.5372337276104977e-22,1.5149877222815952e-23
396.0,3.4818474278065255e-22,3.0628578211899733e-22,1.529704845181997e-22,1.5132462771769416e-23
397.0,3.2965799146767582e-22,3.0060609888346191e-22,1.5259994949194018e-22,1.5153283642381937e-23
398.0,3.1113124015469918e-22,2.9492641564792639e-22,1.5222941446568063e-22,1.5154986852164933e-23
399.0,3.117221496712481e-22,2.8924673241239102e-22,1.5166770283112585e-22,1.51375724011184e-23
400.0,3.1231305918779708e-22,2.8165528309390297e-22,1.5091481458827583e-22,1.5139275610901394e-23
401.0,3.129039687043461e-22,2.7406383377541493e-22,1.4958839652053999e-22,1.5140978820684391e-23
402.0,2.9437721739136931e-22,2.6838415053987951e-22,1.4883550827768995e-22,1.5123564369637855e-23
403.0,2.7585046607839262e-22,2.6079270122139151e-22,1.4808262003483988e-22,1.5106149918591325e-23
404.0,2.764413755949416e-22,2.5702478406880861e-22,1.4732973179198983e-22,1.5107853128374319e-23
405.0,2.7703228511149062e-22,2.5325686691622572e-22,1.4657684354913981e-22,1.5128673998986839e-23
406.0,2.7762319462803954e-22,2.4757718368069034e-22,1.4582395530628974e-22,1.5149494869599359e-23
407.0,2.7821410414458856e-22,2.4189750044515487e-22,1.446887138468492e-22,1.5112962757723303e-23
408.0,2.7880501366113754e-22,2.362178172096194e-22,1.4374464899570388e-22,1.509554830667677e-23
409.0,2.602782623481608e-22,2.3244990005703654e-22,1.4260940753626331e-22,1.5078133855630237e-23
410.0,2.6086917186470982e-22,2.2677021682150107e-22,1.4185651929341324e-22,1.5098954726242758e-23
411.0,2.614600813812587e-22,2.2300229966891817e-22,1.4091245444226795e-22,1.5119775596855278e-23
412.0,2.6205099089780772e-22,2.1923438251633527e-22,1.3920368315794164e-22,1.5102361145808748e-23
413.0,2.4352423958483098e-22,2.1164293319784726e-22,1.3749491187361529e-22,1.5084946694762215e-23
414.0,2.4411514910138e-22,2.0405148387935924e-22,1.3578614058928896e-22,1.5067532243715682e-23
415.0,2.4470605861792898e-22,1.9837180064382379e-22,1.3407736930496262e-22,1.5069235453498676e-23
416.0,2.2617930730495224e-22,1.9269211740828834e-22,1.3236859802063629e-22,1.5070938663281673e-23
417.0,2.2677021682150121e-22,1.8701243417275294e-22,1.3046865012801471e-22,1.5091759533894193e-23
418.0,2.2736112633805019e-22,1.8324451702017004e-22,1.2856870223539313e-22,1.5093462743677187e-23
419.0,2.2795203585459921e-22,1.7565306770168203e-22,1.2609522451788577e-22,1.5076048292630657e-23
420.0,2.0942528454162245e-22,1.6997338446614658e-22,1.2400410001696892e-22,1.5077751502413648e-23
421.0,2.1001619405817145e-22,1.6429370123061111e-22,1.2210415212434731e-22,1.5060337051367115e-23
422.0,1.9148944274519473e-22,1.6052578407802823e-22,1.2039538084002098e-22,1.5062040261150111e-23
423.0,1.7296269143221802e-22,1.5866963300839793e-22,1.1906896277228517e-22,1.5063743470933105e-23
424.0,1.7355360094876697e-22,1.5490171585581503e-22,1.1755136809625408e-22,1.5065446680716099e-23
425.0,1.9326217129484168e-22,1.5304556478618472e-22,1.1641612663681354e-22,1.5067149890499095e-23
426.0,2.1297074164091631e-22,1.5118941371655441e-22,1.1566323839396347e-22,1.504973543945256e-23
427.0,2.1356165115746528e-22,1.4933326264692409e-22,1.1529270336770395e-22,1.5051438649235556e-23
428.0,1.9503489984448859e-22,1.4938887766024635e-22,1.1530452155803494e-22,1.5034024198189024e-23
429.0,1.9562580936103754e-22,1.4944449267356862e-22,1.1531633974836593e-22,1.5035727407972017e-23
430.0,1.9621671887758654e-22,1.5141187376984343e-22,1.1609286437187791e-22,1.5018312956925487e-23
431.0,1.9680762839413549e-22,1.5337925486611824e-22,1.1763409542857096e-22,1.5020016166708481e-23
432.0,1.782808770811588e-22,1.5725840204534565e-22,1.1917532648526398e-22,1.5021719376491472e-23
433.0,1.9798944742723346e-22,1.6304931530752563e-22,1.2090773415025227e-22,1.5004304925444942e-23
434.0,1.9858035694378246e-22,1.6884022856970561e-22,1.230224950318311e-22,1.4986890474398412e-23
435.0,2.1828892728985711e-22,1.7271937574893299e-22,1.2532843252170516e-22,1.4988593684181406e-23
436.0,2.1887983680640604e-22,1.8042205509406554e-22,1.2801672322816974e-22,1.49902968939644e-23
437.0,2.1947074632295506e-22,1.8812473443919806e-22,1.3089619054292954e-22,1.4992000103747396e-23
438.0,2.2006165583950399e-22,1.9773917986728314e-22,1.3358448124939411e-22,1.4993703313530387e-23
439.0,2.3977022618557867e-22,2.092653913783208e-22,1.3608159534756344e-22,1.4976288862483854e-23
440.0,2.5947879653165335e-22,2.1887983680640595e-22,1.3876988605402802e-22,1.4958874411437324e-23
441.0,2.7918736687772798e-22,2.3040604831744361e-22,1.414581767604926e-22,1.4979695282049845e-23
442.0,2.79778276394277e-22,2.4193225982848128e-22,1.4395529085866193e-22,1.4962280831003315e-23
443.0,2.8036918591082602e-22,2.5728200350542404e-22,1.4626122834853598e-22,1.4963984040786308e-23
444.0,3.0007775625690061e-22,2.7454351326531942e-22,1.4818481262181952e-22,1.4965687250569299e-23
445.0,3.1978632660297525e-22,2.918050230252148e-22,1.4953486707021732e-22,1.4948272799522769e-23
446.0,3.3949489694904993e-22,3.1097829886806275e-22,1.5088492151861511e-22,1.4949976009305763e-23
447.0,3.5920346729512461e-22,3.2823980862795813e-22,1.5204379935871762e-22,1.4951679219088757e-23
448.0,3.98029698470725e-22,3.5123661663671122e-22,1.5320267719882014e-22,1.4934264768042227e-23
449.0,3.9862060798727393e-22,3.7614519072841684e-22,1.5417037843062739e-22,1.4935967977825221e-23
450.0,4.3744683916287432e-22,4.010537648201225e-22,1.545645498375489e-22,1.4937671187608214e-23
451.0,4.7627307033847471e-22,4.2978587107773317e-22,1.5457636802787987e-22,1.4920256736561682e-23
452.0,4.959816406845493e-22,4.5851797733534407e-22,1.5477936282650611e-22,1.4902842285515152e-23
453.0,5.3480787186014969e-22,4.8916184967590735e-22,1.5479118101683708e-22,1.4904545495298145e-23
454.0,5.7363410303575008e-22,5.1789395593351825e-22,1.5480299920716805e-22,1.4868013383422089e-23
455.0,5.9334267338182466e-22,5.5044959435703419e-22,1.5519717061408956e-22,1.4869716593205083e-23
456.0,6.3216890455742487e-22,5.8682876494645509e-22,1.5501781219612526e-22,1.4871419802988076e-23
457.0,6.9011279656255106e-22,6.2129616945292371e-22,1.5483845377816098e-22,1.487312301277107e-23
458.0,7.2893902773815145e-22,6.5385180787643965e-22,1.5465909536019672e-22,1.485570856172454e-23
459.0,7.8688291974327745e-22,6.8449568021700293e-22,1.5447973694223246e-22,1.4857411771507534e-23
460.0,8.2570915091887785e-22,7.1705131864051888e-22,1.5430037852426819e-22,1.4839997320461001e-23
461.0,8.4541772126495253e-22,7.5343048922993997e-22,1.5450337332289442e-22,1.4841700530243995e-23
462.0,8.8424395244055282e-22,7.8598612765345592e-22,1.5451519151322537e-22,1.4843403740026989e-23
463.0,9.4218784444567902e-22,8.1854176607697177e-22,1.5433583309526109e-22,1.4825989288980459e-23
464.0,1.0001317364508048e-21,8.5300917058344029e-22,1.5415647467729683e-22,1.4827692498763452e-23
465.0,1.0389579676264053e-21,8.8556480900695623e-22,1.5416829286762783e-22,1.4829395708546446e-23
466.0,1.0969018596315311e-21,9.1812044743047218e-22,1.5437128766625404e-22,1.483109891832944e-23
467.0,1.1357280908071316e-21,9.525878519369406e-22,1.5457428246488028e-22,1.4832802128112434e-23
468.0,1.1745543219827321e-21,9.8705525644340903e-22,1.5458610065521127e-22,1.4834505337895427e-23
469.0,1.2324982139878581e-21,1.025346193115783e-21,1.5421556562895172e-22,1.4836208547678421e-23
470.0,1.3095597668225098e-21,1.0617253637052041e-21,1.5403620721098747e-22,1.4837911757461415e-23
471.0,1.3866213196571613e-21,1.098104534294625e-21,1.5385684879302319e-22,1.4839614967244411e-23
472.0,1.4445652116622874e-21,1.134483704884046e-21,1.5405984359164943e-22,1.4841318177027405e-23
473.0,1.5025091036674137e-21,1.1746864076393721e-21,1.5426283839027566e-22,1.4843021386810399e-23
474.0,1.5795706565020653e-21,1.2206244086435559e-21,1.5408347997231139e-22,1.4825606935763866e-23
475.0,1.6757498701662429e-21,1.2627388774818348e-21,1.5390412155434708e-22,1.4808192484717336e-23
476.0,1.7910467446599456e-21,1.3067651124030662e-21,1.5353358652808758e-22,1.480989569450033e-23
477.0,1.9063436191536488e-21,1.3469678151583924e-21,1.5354540471841855e-22,1.4792481243453797e-23
478.0,2.0407581544768778e-21,1.3871705179137185e-21,1.5374839951704479e-22,1.4794184453236794e-23
479.0,2.1560550289705813e-21,1.4292849867519972e-21,1.5376021770737575e-22,1.4815005323849314e-23
480.0,2.2904695642938099e-21,1.4656641573414185e-21,1.5377203589770672e-22,1.4797590872802781e-23
481.0,2.4440017604465645e-21,1.5001315618478871e-21,1.5359267747974244e-22,1.4780176421756248e-23
482.0,2.6166516174288446e-21,1.5288636681054977e-21,1.5322214245348294e-22,1.4762761970709718e-23
483.0,2.7893014744111246e-21,1.5537722421972035e-21,1.5323396064381391e-22,1.4764465180492712e-23
484.0,2.9619513313934051e-21,1.5748572841230039e-21,1.532457788341449e-22,1.4785286051105232e-23
485.0,3.1346011883756848e-21,1.5940305599658517e-21,1.5344877363277112e-22,1.47678716000587e-23
486.0,3.3072510453579648e-21,1.607468537559842e-21,1.5346059182310211e-22,1.4769574809841693e-23
487.0,3.4799009023402457e-21,1.6189947490708795e-21,1.5309005679684256e-22,1.4752160358795163e-23
488.0,3.6907860809815764e-21,1.6286091944989648e-21,1.529106983788783e-22,1.4753863568578157e-23
489.0,3.9016712596229079e-21,1.6344001077611448e-21,1.5292251656920929e-22,1.4755566778361151e-23
490.0,4.0743211166051883e-21,1.6382792549403721e-21,1.5312551136783551e-22,1.4757269988144145e-23
491.0,4.2469709735874688e-21,1.6421584021195997e-21,1.5313732955816648e-22,1.4758973197927138e-23
492.0,4.4005031697402229e-21,1.6441257832158742e-21,1.529579711402022e-22,1.4741558746880605e-23
493.0,4.5731530267225041e-21,1.6480049303951018e-21,1.5258743611394269e-22,1.4724144295834076e-23
494.0,4.7266852228752583e-21,1.648060545408424e-21,1.5240807769597841e-22,1.4706729844787543e-23
495.0,4.8802174190280132e-21,1.6481161604217461e-21,1.5241989588630938e-22,1.4708433054570539e-23
496.0,5.0146319543512404e-21,1.6481717754350687e-21,1.5262289068493562e-22,1.4710136264353533e-23
497.0,5.1108111680154195e-21,1.6482273904483908e-21,1.5263470887526659e-22,1.473095713496605e-23
498.0,5.2069903816795964e-21,1.648283005461713e-21,1.5264652706559756e-22,1.4713542683919521e-23
499.0,5.3222872561732995e-21,1.6483386204750353e-21,1.524671686476333e-22,1.4696128232872988e-23
500.0,5.4184664698374763e-21,1.6483942354883574e-21,1.5228781022966902e-22,1.4678713781826458e-23
501.0,5.514645683501654e-21,1.64844985050168e-21,1.5229962841999999e-22,1.4699534652438975e-23
502.0,5.6108248971658316e-21,1.6465936994320494e-21,1.5231144661033096e-22,1.4701237862221972e-23
503.0,5.6878864500004837e-21,1.6466493144453716e-21,1.525144414089572e-22,1.4702941072004966e-23
504.0,5.7649480028351357e-21,1.6467049294586941e-21,1.5233508299099292e-22,1.4723761942617483e-23
505.0,5.8611272164993119e-21,1.6467605444720163e-21,1.5215572457302866e-22,1.4687229830741426e-23
506.0,5.9955417518225413e-21,1.6468161594853384e-21,1.5197636615506438e-22,1.4669815379694897e-23
507.0,6.1490739479752954e-21,1.6449600084157083e-21,1.5198818434539535e-22,1.467151858947789e-23
508.0,6.3026061441280489e-21,1.6450156234290304e-21,1.5219117914402159e-22,1.4692339460090411e-23
509.0,6.4752560011103308e-21,1.6431594723594001e-21,1.5220299733435258e-22,1.4713160330702928e-23
510.0,6.6479058580926112e-21,1.6451268534556749e-21,1.520236389163883e-22,1.4695745879656398e-23
511.0,6.9161440192225193e-21,1.6451824684689972e-21,1.5184428049842405e-22,1.4678331428609865e-23
512.0,7.2034998411819521e-21,1.6452380834823196e-21,1.5166492208045974e-22,1.4660916977563335e-23
513.0,7.509973323970912e-21,1.6433819324126891e-21,1.5167674027079071e-22,1.4662620187346329e-23
514.0,7.8546821284189243e-21,1.6415257813430587e-21,1.516885584611217e-22,1.4664323397129323e-23
515.0,8.2185085936964622e-21,1.6396696302734286e-21,1.5170037665145267e-22,1.4666026606912316e-23
516.0,8.6014527198035242e-21,1.6397252452867509e-21,1.5171219484178364e-22,1.4648612155865784e-23
517.0,9.0226321675696386e-21,1.6436043924659782e-21,1.5153283642381938e-22,1.4631197704819254e-23
518.0,9.4820469369948042e-21,1.6417482413963479e-21,1.5116230139755986e-22,1.4613783253772724e-23
519.0,9.9414617064199682e-21,1.64180385640967e-21,1.513652961961861e-22,1.4615486463555718e-23
520.0,1.0400876475845134e-20,1.6380359392570874e-21,1.5156829099481231e-22,1.4636307334168238e-23
521.0,1.0822055923611248e-20,1.6380915542704096e-21,1.515801091851433e-22,1.4657128204780755e-23
522.0,1.1224117710547834e-20,1.6400589353666842e-21,1.5140075076717902e-22,1.4658831414563749e-23
523.0,1.1645297158313949e-20,1.6420263164629592e-21,1.5141256895751002e-22,1.4622299302687692e-23
524.0,1.208559426690959e-20,1.6459054636421865e-21,1.5123321053954574e-22,1.460488485164116e-23
525.0,1.2468538393016655e-20,1.6440493125725563e-21,1.512450287298767e-22,1.462570572225368e-23
526.0,1.279412953663514e-20,1.6402813954199733e-21,1.5163920013679819e-22,1.4665644253695727e-23
527.0,1.3081485358594575e-20,1.638425244350343e-21,1.5145984171883391e-22,1.466734746347872e-23
528.0,1.3311488198065431e-20,1.6384808593636655e-21,1.5128048330086963e-22,1.4649933012432188e-23
529.0,1.3465020394218185e-20,1.6385364743769877e-21,1.5129230149120062e-22,1.4632518561385658e-23
530.0,1.3675905572859516e-20,1.6405038554732623e-21,1.5130411968153162e-22,1.4653339431998178e-23
531.0,1.3925026073159898e-20,1.6424712365695373e-21,1.5131593787186258e-22,1.4655042641781172e-23
532.0,1.4002087625994548e-20,1.6425268515828595e-21,1.5113657945389828e-22,1.4637628190734642e-23
533.0,1.4021796196340624e-20,1.6425824665961818e-21,1.5114839764422927e-22,1.4639331400517633e-23
534.0,1.4003269445027648e-20,1.6426380816095039e-21,1.5154256905115078e-22,1.4641034610300626e-23
535.0,1.3908272050396571e-20,1.6407819305398736e-21,1.5155438724148175e-22,1.4642737820083623e-23
536.0,1.3717686351617861e-20,1.6389257794702435e-21,1.5156620543181274e-22,1.4663558690696143e-23
537.0,1.3469747670350578e-20,1.6370696284006131e-21,1.5119567040555319e-22,1.4665261900479137e-23
538.0,1.3145338345765189e-20,1.6390370094968878e-21,1.5120748859588418e-22,1.4647847449432607e-23
539.0,1.2801811360350275e-20,1.6410043905931628e-21,1.514104833945104e-22,1.4630432998386071e-23
540.0,1.2400931392446786e-20,1.6429717716894374e-21,1.5161347819313664e-22,1.4632136208169068e-23
541.0,1.1923580781225192e-20,1.6430273867027599e-21,1.518164729917629e-22,1.4672074739611112e-23
542.0,1.138887718751502e-20,1.6411712356331294e-21,1.5182829118209387e-22,1.4692895610223632e-23
543.0,1.0758585289657222e-20,1.6374033184805466e-21,1.5126657954753907e-22,1.4637245837518049e-23
544.0,1.0128293391799424e-20,1.6412824656597741e-21,1.5127839773787004e-22,1.4638949047301043e-23
545.0,9.5362368156006783e-21,1.6489851450049065e-21,1.518637457530868e-22,1.4678887578743087e-23
546.0,8.8485919352543021e-21,1.6547760582670865e-21,1.5244909376830358e-22,1.473794377101466e-23
547.0,8.1800647157374528e-21,1.6529199071974561e-21,1.5284326517522504e-22,1.4777882302456707e-23
548.0,7.473302174561551e-21,1.6548872882937309e-21,1.5285508336555603e-22,1.4798703173069224e-23
549.0,6.7856572942151748e-21,1.6568546693900059e-21,1.5286690155588703e-22,1.4800406382852221e-23
550.0,6.1553653963573766e-21,1.6588220504862808e-21,1.5287871974621797e-22,1.4782991931805688e-23
551.0,5.4677205160110003e-21,1.6588776654996029e-21,1.5289053793654896e-22,1.4784695141588682e-23
552.0,4.894781600641778e-21,1.6531979822640674e-21,1.5328470934347045e-22,1.4805516012201202e-23
553.0,4.3600780069316074e-21,1.6436947668626268e-21,1.5329652753380144e-22,1.4807219221984196e-23
554.0,3.8253744132214375e-21,1.6265444871293759e-21,1.5311716911583716e-22,1.4828040092596716e-23
555.0,3.3480238019998443e-21,1.5979236108984098e-21,1.5255545748128236e-22,1.4772390319891133e-23
556.0,2.8897908516077769e-21,1.5578321381697282e-21,1.5218492245502284e-22,1.4735858208015076e-23
557.0,2.5080285445338116e-21,1.5005347706944734e-21,1.5200556403705856e-22,1.4718443756968544e-23
558.0,2.1836192199484244e-21,1.4202962102237876e-21,1.518262056190943e-22,1.4681911645092487e-23
559.0,1.8783275561925619e-21,1.3247635210894816e-21,1.5183802380942527e-22,1.4683614854875481e-23
560.0,1.6112712140957518e-21,1.2120249372086022e-21,1.5146748878316574e-22,1.4666200403828948e-23
561.0,1.3824501936579924e-21,1.103109885493628e-21,1.5090577714861094e-22,1.4629668291952892e-23
562.0,1.1918644948792843e-21,9.9037130161274861e-22,1.5072641873064666e-22,1.4593136180076835e-23
563.0,1.0395141177596277e-21,8.7189741948301174e-22,1.5073823692097763e-22,1.4556604068200776e-23
564.0,9.0628140146949684e-22,7.6871766601689515e-22,1.5094123171960387e-22,1.4558307277983773e-23
565.0,7.7304868517936623e-22,6.6744967863373142e-22,1.5057069669334434e-22,1.457912814859629e-23
566.0,6.2069830805970954e-22,5.7191698949942512e-22,1.4962663184219905e-22,1.4504360715061183e-23
567.0,4.8746559176957874e-22,4.9167842902873957e-22,1.4906492020764425e-22,1.44487109423556e-23
568.0,4.1158585796802497e-22,4.2099869897281683e-22,1.486943851813847e-22,1.4450414152138594e-23
569.0,3.7394144582552252e-22,3.6178956541460938e-22,1.4794149693853466e-22,1.4452117361921585e-23
570.0,3.1717937285349451e-22,3.0831573010525968e-22,1.4623272565420832e-22,1.4492055893363632e-23
571.0,2.7953496071099211e-22,2.5675366087886265e-22,1.4261218828692942e-22,1.4493759103146628e-23
572.0,2.0365522690943828e-22,2.1475042206722838e-22,1.3707988483669795e-22,1.4495462312929622e-23
573.0,1.4689315393741019e-22,1.7848248150445182e-22,1.2887110887033289e-22,1.4478047861883089e-23
574.0,1.2836640262443348e-22,1.4986160527348552e-22,1.1951527325419628e-22,1.4479751071666086e-23
575.0,1.0983965131145677e-22,1.2888779337432953e-22,1.090123779882881e-22,1.4481454281449077e-23
576.0,1.1043056082800577e-22,1.0600221539222095e-22,9.6980069856017939e-23,1.448315749123207e-23
577.0,9.1903809515029053e-23,8.8851935658970112e-23,8.5903644765224e-23,1.4523096022674117e-23
578.0,9.249471903157805e-23,7.3613422008671822e-23,7.5209572891020593e-23,1.4524799232457111e-23
579.0,5.4850306889075559e-23,6.2198440524278663e-23,6.5089030841702964e-23,1.4507384781410581e-23
580.0,3.6323555576098917e-23,5.4606991205790645e-23,5.6497901658747375e-23,1.4489970330364048e-23
581.0,5.6032125922173552e-23,4.7015541887302626e-23,4.828912569238231e-23,1.4472555879317515e-23
582.0,3.7505374609196845e-23,4.1335858651767179e-23,4.1800939200674564e-23,1.4474259089100512e-23
583.0,5.7213944955271474e-23,3.3744409333279155e-23,3.6268635750443084e-23,1.4456844638053979e-23
584.0,5.7804854471820471e-23,2.6152960014791137e-23,3.0927508908506877e-23,1.4362959543689343e-23
585.0,2.0160442329318118e-23,2.2385042862208258e-23,2.6351088499751686e-23,1.4211721466836134e-23
586.0,2.0751351845867044e-23,2.0528891792577944e-23,2.2348197915882267e-23,1.3945777425005768e-23
587.0,2.134226136241604e-23,1.8672740722947632e-23,1.9492366981784397e-23,1.3622480400686825e-23
588.0,4.1050831708490737e-23,1.6816589653317321e-23,1.7018889264277037e-23,1.3184477411390729e-23
589.0,4.1641741225039663e-23,1.3048672500734434e-23,1.4545411546769673e-23,1.2574415474628902e-23
590.0,2.3114989912062953e-23,9.2807553481515523e-24,1.2454287045852827e-23,1.188788289454897e-23
591.0,4.5882385990862434e-24,7.424604278521238e-24,1.0554339153231239e-23,1.1067526688662359e-23
592.0,-1.3938512713890468e-23,9.3919853747960655e-24,9.0367444772001627e-24,1.0189817500287171e-23
593.0,5.7700576321841652e-24,9.4476003881183221e-24,7.9015030177596007e-24,9.3121083119119851e-24
594.0,2.5478627978258863e-23,7.5914493184880092e-24,6.9574381666142952e-24,8.4152814627072701e-24
595.0,2.606953749480786e-23,5.7352982488576986e-24,6.2045499237642469e-24,7.5949252568206611e-24
596.0,2.6660447011356853e-23,3.8791471792273844e-24,5.2604850726189429e-24,6.8319220334226274e-24
597.0,8.133695698380075e-24,3.9347621925496417e-24,4.3164202214736381e-24,6.1071541316836437e-24
598.0,8.7246052149290686e-24,3.9903772058718983e-24,3.5635319786235891e-24,5.439739212433239e-24
599.0,-9.8021460980476436e-24,4.0459922191941549e-24,3.1929969523640561e-24,4.8105596148418858e-24
600.0,9.9064242480269897e-24,6.0133733154689816e-24,3.0136385343997791e-24,4.296085982227686e-24
601.0,2.9614994594101689e-23,4.1572222458386681e-24,2.6431035081402435e-24,3.85808299293159e-24
602.0,3.0205904110650686e-23,2.3010711762083542e-24,2.2725684818807093e-24,3.4200800036354933e-24
603.0,1.1679152797673972e-23,4.4492010657804689e-25,1.7108568473259187e-24,3.0203123359984472e-24
604.0,-6.8475985153028049e-24,2.4123012028528674e-24,1.3403218210663838e-24,2.6587799900204537e-24
605.0,-6.256688998753812e-24,2.467916216175124e-24,1.3521400113973635e-24,2.3737182873605626e-24
606.0,1.3451881347320887e-23,4.4352973124499511e-24,1.3639582017283434e-24,2.1268919063597228e-24
607.0,1.4042790863869816e-23,2.5791462428196375e-24,1.1845997837640663e-24,1.880065525358883e-24
608.0,1.4633700380418809e-23,-1.1887709097632401e-24,1.0052413657997879e-24,1.6714744660170945e-24
609.0,-3.8930509325579022e-24,-1.1331558964409835e-24,6.3470633954025355e-25,1.4628834066753061e-24
610.0,-2.241980224553455e-23,8.342251998338438e-25,6.4652452987123339e-25,1.2734100081630431e-24
611.0,-2.7112318994599804e-24,2.8016062961086643e-24,6.5834272020221204e-25,1.1221719313098319e-24
612.0,1.6997338446614719e-23,9.45455226478357e-25,6.7016091053319188e-25,9.9005151528614615e-25
613.0,1.7588247963163713e-23,1.001070239800614e-24,8.7315570915942886e-25,8.77048760091986e-25
614.0,1.8179157479712706e-23,-8.5508082982969995e-25,5.0262068289989588e-25,7.8316366572735193e-25
615.0,-3.4759383326407122e-25,-7.9946581650744326e-25,3.2326226493561738e-25,6.7016091053319169e-25
616.0,-1.8874345146240715e-23,-7.4385080318518666e-25,1.439038469713402e-25,5.5715815533903173e-25
617.0,-1.8283435629691722e-23,1.2235302930896407e-24,1.5572203730232008e-25,4.8239072180392309e-25
618.0,1.4251347163828444e-24,3.1909113893644612e-24,3.5871683592855571e-25,4.4585860992786585e-25
619.0,2.1133705062457545e-23,3.2465264026867182e-24,3.7053502625953559e-25,4.0932649805180848e-25
620.0,2.1724614579006538e-23,1.3903753330564107e-24,1.911766082952584e-25,3.5367672534622554e-25
621.0,3.1978632660298263e-24,-4.6577573657390313e-25,1.1818190330979881e-26,2.980269526406426e-25
622.0,-1.5328888046946886e-23,-4.1016072325164649e-25,2.3636380661959761e-26,2.6149484076458523e-25
623.0,-1.4737978530397892e-23,1.5572203730231807e-24,2.266311792881967e-25,2.4408038971805366e-25
624.0,4.9705918156767417e-24,3.5246014692980011e-24,4.2962597791443364e-25,2.2666593867152213e-25
625.0,2.4679162161751374e-23,1.6684503996676939e-24,2.5026755995015514e-25,2.0925148762499046e-25
626.0,6.1524108487746628e-24,-2.0994667529151902e-24,7.0909141985877955e-26,1.9183703657845882e-25
627.0,-1.2374340464201982e-23,-2.0438517395929332e-24,-1.0844927597839923e-25,1.5530492470240177e-25
628.0,-1.1783430947652987e-23,-7.6470643318106264e-26,-9.6631085647420669e-26,1.187728128263444e-25
629.0,7.9251393984215782e-24,1.890910452956721e-24,1.0636371297881628e-25,1.0135836177981276e-25
630.0,8.5160489149705718e-24,1.9465254662789776e-24,3.0935851160505319e-25,1.0306157156280695e-25
631.0,2.8224619261045271e-23,2.0021404796012342e-24,3.2117670193603307e-25,1.0476478134580101e-25
632.0,4.79331896071199e-23,1.4598940997092051e-25,1.4181828397175458e-25,1.0646799112879508e-25
633.0,1.0288777464617489e-23,2.016044232931772e-25,-3.7540133992522604e-26,5.0818218423212286e-26
634.0,-8.2379738483591551e-24,-1.6545466463371367e-24,-2.168985519567998e-25,1.4286106547154937e-26
635.0,-7.647064331810163e-24,3.128344499376906e-25,-1.3903753330564175e-26,-3.128344499376707e-27
636.0,-7.0561548152612355e-24,2.2802155462125179e-24,1.8909104529567276e-25,1.7692526113143192e-26
637.0,1.2652415530813398e-23,2.3358305595347745e-24,2.0090923562665265e-25,3.8513396725662959e-26
638.0,3.23609858768881e-23,-1.4320865930481097e-24,2.1550817662375465e-26,2.1098945679131315e-26
639.0,1.3834234563911385e-23,-3.2882376626784238e-24,-3.4898420859716009e-25,3.6844946325996715e-27
640.0,-2.381017757859103e-23,-3.2326226493561669e-24,-3.371660182661802e-25,-1.3729956413931837e-26
641.0,-2.3219268062042036e-23,6.4652452987122412e-25,-1.3417121963994329e-25,-1.2026746630937777e-26
642.0,-3.5106977159673378e-24,2.6139056261460512e-24,6.8823578986292325e-26,8.7941239815819892e-27
643.0,1.6197872630107227e-23,7.5775455651573749e-25,8.0641769317272209e-26,1.0497333764576183e-26
644.0,-2.328878682869416e-24,-3.0101625960671467e-24,-9.8716648647004979e-26,1.2200543547570246e-26
645.0,-2.0855629995846127e-23,-4.8663136656974544e-24,-2.7807506661128216e-25,-5.2139074989613988e-27
646.0,-2.0264720479297133e-23,-9.8716648647006285e-25,-7.5080267985046541e-26,-3.5106977159672053e-27
647.0,-5.5615013322250067e-25,9.8021460980476425e-25,1.2791453064119041e-25,-2.0925148762498848e-26
648.0,1.9152420212852133e-23,2.9475957060795915e-24,1.3973272097217029e-25,-1.0427814997908206e-28
649.0,1.9743329729401124e-23,3.0032107194018481e-24,3.4272751959840587e-25,2.0716592462540817e-26
650.0,3.9451900075475759e-23,1.1470596497715342e-24,1.6336910163412871e-25,3.3021414160091738e-27
651.0,2.092514876249905e-23,-7.0909141985877941e-25,-1.5989316330148468e-26,-1.411230963052247e-26
652.0,2.3983974495224031e-24,-6.5347640653652281e-25,-1.9534773429442565e-25,-5.0644421506579816e-26
653.0,-1.612835386345431e-23,1.3139046897383044e-24,7.6470643318099646e-27,-2.9823550894059918e-26
654.0,3.5802164826203246e-24,3.2812857860131315e-24,2.1064186295804691e-25,-9.0026802815401528e-27
655.0,2.3288786828694959e-23,1.4251347163828179e-24,2.224600532890268e-25,-7.2994704985460913e-27
656.0,4.7620355157183125e-24,-2.3427824362000665e-24,-3.3925158126576584e-25,-2.4713921545077601e-26
657.0,-1.37647157972584e-23,-4.1989335058303738e-24,-5.1860999923004306e-25,-2.301071176208354e-26
658.0,-1.3173806280709471e-23,-2.2315524095555529e-24,-3.1561520060380607e-25,-2.1307501979089481e-26
659.0,-1.2582896764160478e-23,1.6475947696718445e-24,-1.1262040197756914e-25,-4.8663136656958023e-28
660.0,7.1256735819142216e-24,1.7032097829941009e-24,9.0374396648666464e-26,1.2165784164244813e-27
661.0,7.716583098463149e-24,-1.5294128663621253e-25,-8.8984021315610713e-26,-1.6197872630107162e-26
662.0,-1.0810168214513563e-23,-2.0090923562665262e-24,-7.7165830984630839e-26,4.6229979824127362e-27
663.0,-1.0219258697964568e-23,-3.8652434258968335e-24,-2.5652424894890936e-25,6.3262077654067983e-27
664.0,-9.6283491814155744e-24,1.390375333055754e-26,-5.3529450322672401e-26,-1.1088243281124846e-26
665.0,1.0080221164659059e-23,1.9812848496053846e-24,1.4946534830356453e-25,-2.8502694327656358e-26
666.0,1.0671130681208052e-23,3.9486659458802117e-24,1.6128353863454311e-25,-2.679948454466229e-26
667.0,3.0379701027282686e-23,4.0042809592024683e-24,3.6427833726078005e-25,-5.9786139321425283e-27
668.0,5.0088271373357314e-23,2.1481298895721548e-24,1.8491991929650286e-25,-4.2754041491484668e-27
669.0,3.1561520060380608e-23,2.9197881994184102e-25,-1.856151069630314e-25,-2.1689855195679977e-26
670.0,-6.0828920821217429e-24,-1.5641722496884728e-24,-3.6497352492730992e-25,-3.9104306242211618e-26
671.0,-2.4609643395098454e-23,4.032088465863544e-25,2.9197881994184101e-26,-5.6518757288743267e-26
672.0,-4.9010730490238218e-24,2.3705899428611815e-24,2.3219268062042104e-25,-1.6580225846697661e-26
673.0,1.480749729705088e-23,2.4262049561834381e-24,2.440108709513996e-25,2.3358305595347811e-26
674.0,1.539840681359987e-23,-1.3417121963994461e-24,-1.2652415530813467e-25,-1.3173806280709538e-26
675.0,-3.128344499376906e-24,-5.1096293489823237e-24,-4.970591815676675e-25,-3.0588257327241047e-26
676.0,-4.0772756641879327e-23,-3.1422482527074966e-24,-4.8524099123668766e-25,-2.8885047544246985e-26
677.0,-4.0181847125330325e-23,-1.1748671564326759e-24,-9.1069584315196343e-26,-2.7181837761252929e-26
678.0,-2.0473276779255628e-23,7.9251393984215117e-25,-7.9251393984216458e-26,-2.5478627978258733e-26
679.0,-7.6470643318099643e-25,8.4812895316440795e-25,1.237434046420205e-25,-4.6577573657389645e-27
680.0,1.89438639128937e-23,-1.0080221164659058e-24,-5.561501332225802e-26,1.6163113246780803e-26
681.0,1.9534773429442696e-23,-2.8641731860962129e-24,-2.3497343128653519e-25,1.7866323029774864e-26
682.0,1.0080221164659855e-24,-8.9679208982139258e-25,-3.1978632660298262e-26,4.5187198324335217e-28
683.0,1.5989316330149131e-24,1.0705890064534347e-24,1.7101616596593868e-25,-1.6962579063288291e-26
684.0,2.1898411495639067e-24,1.1262040197756913e-24,1.8283435629691724e-25,-1.525936928029423e-26
685.0,2.1898411495638606e-23,3.0935851160505188e-24,3.8582915492315417e-25,5.5615013322256695e-27
686.0,4.1606981841713173e-23,1.2374340464202049e-24,2.0647073695887699e-25,7.2647111152197317e-27
687.0,2.3080230528736529e-23,-2.5304831061626729e-24,-1.6406428930065861e-25,-1.0149739931311912e-26
688.0,-1.4564181613765889e-23,-2.474868092840416e-24,-1.522460989696787e-25,-4.6681851807368866e-26
689.0,-1.3973272097216896e-23,-5.0748699656559557e-25,5.0748699656558241e-26,-4.4978642024374804e-26
690.0,5.7352982488577383e-24,3.3716601826618021e-24,4.4492010657805231e-25,1.4077550247196108e-26
691.0,2.5443868594932435e-23,3.4272751959840587e-24,2.6556168861377372e-25,3.4898420859716006e-26
692.0,2.6034778111481432e-23,-3.4064195659883217e-25,-1.0497333764576049e-25,1.7483969813184363e-26
693.0,7.5080267985046537e-24,-4.1085591091817094e-24,-4.7550836390529342e-25,6.9518766652721364e-29
694.0,-3.0136385343997766e-23,-2.1411780129068826e-24,-4.6369017357431487e-25,-3.6462593109404233e-26
695.0,-2.9545475827448769e-23,-1.737969166320621e-25,-2.6069537494807793e-25,-3.4759383326410172e-26
696.0,-2.8954566310899773e-23,-1.1818190330980542e-25,1.3347603197341474e-25,-1.3938512713890667e-26
697.0,9.871664864700562e-24,1.8491991929650219e-24,3.364708305996517e-25,6.8823578986290999e-27
698.0,1.0462574381249557e-23,-6.9518766652920358e-27,1.5711241263537318e-25,8.5855676816232947e-27
699.0,-8.0641769317271551e-24,-1.8631029462955993e-24,-2.2246005328904007e-26,-8.8288833649083503e-27
700.0,1.164439341434748e-23,1.0427814997922136e-25,-1.0427814997924126e-26,1.1991987247611416e-26
