wavelength / nm,fluorescence / counts
447.37,321.33300000000003
447.50999999999999,326.83300000000003
447.63999999999999,311.33300000000003
447.77999999999997,295.83300000000003
447.92000000000002,317.83300000000003
448.05000000000001,342.08300000000008
448.19,332.33300000000003
448.31999999999999,303.08300000000003
448.45999999999998,311.33299999999997
448.60000000000002,341.83299999999997
448.73000000000002,312.58300000000008
448.87,279.83300000000003
449.0,288.58300000000003
449.13999999999999,303.08300000000003
449.27999999999997,303.83300000000003
449.41000000000003,306.33300000000003
449.55000000000001,313.58300000000003
449.68000000000001,271.33300000000003
449.81999999999999,242.083
449.94999999999999,251.083
450.08999999999997,226.333
450.23000000000002,216.583
450.36000000000001,231.583
450.5,244.833
450.63,251.58300000000003
450.76999999999998,252.083
450.89999999999998,261.83300000000003
451.04000000000002,261.58299999999997
451.18000000000001,272.33300000000003
451.31,292.08300000000003
451.44999999999999,286.58300000000003
451.57999999999998,270.33300000000003
451.72000000000003,260.83299999999997
451.85000000000002,259.33300000000003
451.99000000000001,258.58300000000003
452.12,250.333
452.25999999999999,227.833
452.39999999999998,225.583
452.52999999999997,234.333
452.67000000000002,215.333
452.80000000000001,203.083
452.94,195.833
453.06999999999999,206.833
453.20999999999998,224.83300000000003
453.33999999999997,225.833
453.48000000000002,241.333
453.61000000000001,253.333
453.75,246.83300000000003
453.88,232.833
454.01999999999998,238.333
454.16000000000003,246.58300000000003
454.29000000000002,233.083
454.43000000000001,223.833
454.56,200.833
454.69999999999999,190.583
454.82999999999998,213.083
454.97000000000003,205.083
455.10000000000002,191.333
455.24000000000001,198.333
455.37,214.333
455.50999999999999,233.833
455.63999999999999,228.333
455.77999999999997,221.333
455.91000000000003,214.333
456.05000000000001,187.333
456.18000000000001,173.583
456.31999999999999,185.833
456.44999999999999,194.333
456.58999999999997,189.333
456.72000000000003,191.833
456.86000000000001,176.333
456.99000000000001,150.833
457.13,171.083
457.25999999999999,191.583
457.39999999999998,183.333
457.52999999999997,168.583
457.67000000000002,170.833
457.80000000000001,200.083
457.94,217.083
458.06999999999999,222.583
458.20999999999998,221.583
458.33999999999997,225.083
458.48000000000002,238.33300000000003
458.61000000000001,239.833
458.75,232.833
458.88,227.333
459.01999999999998,231.833
459.14999999999998,237.083
459.29000000000002,228.333
459.42000000000002,221.833
459.56,237.083
459.69,231.833
459.82999999999998,223.833
459.95999999999998,233.333
460.08999999999997,228.083
460.23000000000002,241.083
460.36000000000001,252.33300000000003
460.5,236.833
460.63,229.083
460.76999999999998,236.083
460.89999999999998,241.333
461.04000000000002,228.083
461.17000000000002,211.333
461.31,214.333
461.44,215.583
461.57999999999998,208.083
461.70999999999998,203.583
461.83999999999997,194.833
461.98000000000002,204.833
462.11000000000001,221.583
462.25,211.833
462.38,200.833
462.51999999999998,184.833
462.64999999999998,176.333
462.79000000000002,207.833
462.92000000000002,236.583
463.05000000000001,217.083
463.19,187.083
463.31999999999999,194.833
463.45999999999998,192.583
463.58999999999997,181.333
463.73000000000002,195.083
463.86000000000001,198.333
463.99000000000001,203.333
464.13,197.583
464.25999999999999,184.833
464.39999999999998,213.333
464.52999999999997,229.583
464.67000000000002,211.583
464.80000000000001,197.583
464.93000000000001,209.083
465.06999999999999,222.333
465.19999999999999,214.833
465.33999999999997,215.833
465.47000000000003,198.583
465.60000000000002,178.333
465.74000000000001,183.833
465.87,184.583
466.00999999999999,188.083
466.13999999999999,195.083
466.26999999999998,199.083
466.41000000000003,183.833
466.54000000000002,161.083
466.68000000000001,177.583
466.81,202.583
466.94,201.833
467.07999999999998,187.833
467.20999999999998,193.333
467.35000000000002,217.833
467.48000000000002,215.833
467.61000000000001,204.083
467.75,203.083
467.88,195.333
468.00999999999999,194.583
468.14999999999998,192.583
468.27999999999997,170.583
468.42000000000002,176.583
468.55000000000001,183.333
468.68000000000001,174.833
468.81999999999999,186.333
468.94999999999999,187.083
469.07999999999998,190.583
469.22000000000003,198.833
469.35000000000002,191.583
469.49000000000001,179.333
469.62,177.833
469.75,183.083
469.88999999999999,182.083
470.01999999999998,186.083
470.14999999999998,188.083
470.29000000000002,193.833
470.42000000000002,205.833
470.55000000000001,195.583
470.69,190.583
470.81999999999999,186.333
470.95999999999998,179.333
471.08999999999997,207.333
471.22000000000003,213.083
471.36000000000001,192.833
471.49000000000001,197.583
471.62,215.583
471.75999999999999,222.583
471.88999999999999,213.083
472.01999999999998,210.583
472.16000000000003,212.333
472.29000000000002,209.333
472.42000000000002,210.583
472.56,204.833
472.69,197.833
472.81999999999999,195.083
472.95999999999998,182.583
473.08999999999997,186.333
473.22000000000003,207.583
473.36000000000001,219.583
473.49000000000001,217.833
473.62,216.083
473.75,224.333
473.88999999999999,227.083
474.01999999999998,228.083
474.14999999999998,218.583
474.29000000000002,203.333
474.42000000000002,202.083
474.55000000000001,189.333
474.69,181.583
474.81999999999999,197.333
474.94999999999999,184.333
475.08999999999997,165.083
475.22000000000003,152.583
475.35000000000002,139.333
475.48000000000002,170.333
475.62,204.333
475.75,221.333
475.88,223.583
476.01999999999998,209.333
476.14999999999998,204.333
476.27999999999997,211.833
476.42000000000002,221.333
476.55000000000001,201.333
476.68000000000001,166.583
476.81,163.583
476.94999999999999,180.333
477.07999999999998,184.583
477.20999999999998,192.583
477.35000000000002,184.833
477.48000000000002,171.083
477.61000000000001,184.083
477.74000000000001,188.583
477.88,193.833
478.00999999999999,209.333
478.13999999999999,208.083
478.26999999999998,188.833
478.41000000000003,183.583
478.54000000000002,183.583
478.67000000000002,177.833
478.80000000000001,181.083
478.94,160.833
479.06999999999999,130.833
479.19999999999999,139.583
479.32999999999998,164.833
479.47000000000003,165.833
479.60000000000002,164.583
479.73000000000002,154.083
479.86000000000001,138.833
480.0,162.333
480.13,190.333
480.25999999999999,198.333
480.38999999999999,189.833
480.52999999999997,182.833
480.66000000000003,180.583
480.79000000000002,169.583
480.92000000000002,161.583
481.06,150.333
481.19,146.833
481.31999999999999,162.083
481.44999999999999,168.833
481.58999999999997,181.833
481.72000000000003,185.833
481.85000000000002,180.083
481.98000000000002,212.833
482.11000000000001,225.333
482.25,208.833
482.38,207.833
482.50999999999999,218.333
482.63999999999999,236.083
482.77999999999997,244.833
482.91000000000003,264.58299999999997
483.04000000000002,289.08300000000003
483.17000000000002,279.33300000000003
483.30000000000001,263.33299999999997
483.44,258.33300000000003
483.56999999999999,273.58299999999997
483.69999999999999,320.08300000000003
483.82999999999998,338.08300000000008
483.95999999999998,340.08300000000003
484.10000000000002,354.08300000000008
484.23000000000002,357.33300000000008
484.36000000000001,368.33300000000008
484.49000000000001,380.83300000000008
484.62,378.58300000000008
484.75999999999999,363.58300000000008
484.88999999999999,378.83300000000008
485.01999999999998,422.33300000000008
485.14999999999998,430.58300000000008
485.27999999999997,412.83300000000008
485.42000000000002,418.83300000000008
485.55000000000001,428.58300000000008
485.68000000000001,434.83300000000008
485.81,460.58300000000008
485.94,469.33300000000008
486.07999999999998,479.33300000000003
486.20999999999998,504.08299999999997
486.33999999999997,521.58300000000008
486.47000000000003,542.08299999999997
486.60000000000002,556.58299999999997
486.73000000000002,542.58299999999997
486.87,530.83300000000008
487.0,535.83299999999997
487.13,527.58300000000008
487.25999999999999,525.08299999999997
487.38999999999999,513.08300000000008
487.51999999999998,488.08300000000008
487.66000000000003,491.58300000000003
487.79000000000002,523.83299999999997
487.92000000000002,540.58299999999997
488.05000000000001,534.83299999999997
488.18000000000001,522.83299999999997
488.31,515.33300000000008
488.44,524.33299999999997
488.57999999999998,525.83300000000008
488.70999999999998,522.08299999999997
488.83999999999997,518.58300000000008
488.97000000000003,511.33299999999997
489.10000000000002,497.83300000000008
489.23000000000002,493.58300000000003
489.36000000000001,489.08299999999997
489.5,467.83300000000008
489.63,462.83300000000008
489.75999999999999,460.58300000000008
489.88999999999999,457.58300000000008
490.01999999999998,467.83300000000008
490.14999999999998,476.58300000000008
490.27999999999997,473.08300000000008
490.42000000000002,439.33300000000008
490.55000000000001,406.83300000000008
490.68000000000001,429.08300000000008
490.81,469.83300000000008
490.94,469.58300000000008
491.06999999999999,432.83300000000008
491.19999999999999,413.08300000000008
491.32999999999998,418.33300000000008
491.47000000000003,400.83300000000008
491.60000000000002,396.58300000000008
491.73000000000002,418.58300000000008
491.86000000000001,390.33300000000008
491.99000000000001,354.58300000000008
492.12,376.83300000000008
492.25,399.58300000000008
492.38,397.83300000000008
492.50999999999999,387.58300000000008
492.63999999999999,385.33300000000008
492.77999999999997,377.08300000000008
492.91000000000003,356.83300000000008
493.04000000000002,368.83300000000008
493.17000000000002,389.33300000000008
493.30000000000001,368.33300000000008
493.43000000000001,340.08300000000008
493.56,346.83300000000008
493.69,346.33300000000008
493.81999999999999,324.08300000000003
493.94999999999999,300.58300000000003
494.08999999999997,267.58300000000003
494.22000000000003,260.58299999999997
494.35000000000002,308.83300000000003
494.48000000000002,347.83300000000008
494.61000000000001,335.58300000000008
494.74000000000001,312.33300000000003
494.87,330.33300000000003
495.0,366.58300000000008
495.13,360.08300000000008
495.25999999999999,346.58300000000003
495.38999999999999,349.58300000000008
495.51999999999998,342.08300000000008
495.64999999999998,323.08300000000003
495.77999999999997,312.58300000000003
495.92000000000002,321.33300000000003
496.05000000000001,315.58300000000003
496.18000000000001,315.33300000000003
496.31,319.08300000000003
496.44,309.33300000000003
496.56999999999999,319.83300000000003
496.69999999999999,324.83300000000003
496.82999999999998,326.58300000000003
496.95999999999998,341.58300000000003
497.08999999999997,352.33300000000008
497.22000000000003,343.58300000000008
497.35000000000002,319.08300000000003
497.48000000000002,311.83300000000003
497.61000000000001,313.33300000000003
497.74000000000001,304.33300000000003
497.87,298.33300000000003
498.0,306.08300000000003
498.13,305.58300000000003
498.25999999999999,285.33300000000003
498.38999999999999,272.83300000000003
498.52999999999997,263.83300000000003
498.66000000000003,251.833
498.79000000000002,257.58299999999997
498.92000000000002,277.33300000000003
499.05000000000001,274.08300000000003
499.18000000000001,253.583
499.31,240.08300000000003
499.44,227.333
499.56999999999999,233.083
499.69999999999999,250.083
499.82999999999998,257.08300000000003
499.95999999999998,254.33300000000003
500.08999999999997,232.833
500.22000000000003,210.333
500.35000000000002,202.333
500.48000000000002,204.583
500.61000000000001,211.583
500.74000000000001,209.333
500.87,199.083
501.0,182.083
501.13,193.833
501.25999999999999,218.083
501.38999999999999,213.083
501.51999999999998,208.333
501.64999999999998,221.583
501.77999999999997,231.333
501.91000000000003,210.083
502.04000000000002,189.333
502.17000000000002,178.583
502.30000000000001,173.083
502.43000000000001,182.333
502.56,179.833
502.69,169.083
502.81999999999999,175.583
502.94999999999999,188.083
503.07999999999998,192.583
503.20999999999998,177.833
503.33999999999997,160.583
503.47000000000003,166.083
503.60000000000002,177.833
503.73000000000002,181.833
503.86000000000001,173.833
503.99000000000001,172.333
504.11000000000001,172.333
504.24000000000001,163.333
504.37,144.333
504.5,113.833
504.63,126.083
504.75999999999999,161.083
504.88999999999999,158.583
505.01999999999998,149.583
505.14999999999998,132.333
505.27999999999997,124.833
505.41000000000003,141.583
505.54000000000002,126.333
505.67000000000002,108.083
505.80000000000001,122.083
505.93000000000001,152.833
506.06,180.583
506.19,191.833
506.31999999999999,200.833
506.44999999999999,194.833
506.57999999999998,182.083
506.70999999999998,179.583
506.82999999999998,173.333
506.95999999999998,176.333
507.08999999999997,183.333
507.22000000000003,186.833
507.35000000000002,192.333
507.48000000000002,187.083
507.61000000000001,186.083
507.74000000000001,188.083
507.87,191.833
508.0,197.083
508.13,199.083
508.25999999999999,188.333
508.38999999999999,162.833
508.50999999999999,171.583
508.63999999999999,182.333
508.76999999999998,157.333
508.89999999999998,152.333
509.02999999999997,181.583
509.16000000000003,189.833
509.29000000000002,183.083
509.42000000000002,183.583
509.55000000000001,185.083
509.68000000000001,210.333
509.81,241.58300000000003
509.93000000000001,237.083
510.06,215.333
510.19,207.833
510.31999999999999,214.583
510.44999999999999,225.083
510.57999999999998,204.583
510.70999999999998,175.583
510.83999999999997,184.833
510.97000000000003,181.833
511.08999999999997,166.333
511.22000000000003,188.083
511.35000000000002,210.333
511.48000000000002,226.833
511.61000000000001,238.33300000000003
511.74000000000001,225.083
511.87,226.083
512.0,245.333
512.12,254.58300000000003
512.25,240.833
512.38,229.083
512.50999999999999,235.08300000000003
512.63999999999999,227.333
512.76999999999998,217.333
512.89999999999998,227.833
513.01999999999998,223.58300000000003
513.14999999999998,198.833
513.27999999999997,203.583
513.40999999999997,219.583
513.53999999999996,228.333
513.66999999999996,229.083
513.79999999999995,236.583
513.91999999999996,259.08300000000003
514.04999999999995,256.08299999999997
514.17999999999995,258.33300000000003
514.30999999999995,260.33300000000003
514.44000000000005,226.583
514.57000000000005,210.583
514.69000000000005,224.583
514.82000000000005,232.833
514.95000000000005,245.333
515.08000000000004,263.08300000000003
515.21000000000004,255.58300000000003
515.34000000000003,233.833
515.46000000000004,226.333
515.59000000000003,229.083
515.72000000000003,251.583
515.85000000000002,265.58300000000003
515.98000000000002,260.33299999999997
516.11000000000001,280.08300000000003
516.23000000000002,261.83300000000003
516.36000000000001,231.333
516.49000000000001,284.33299999999997
516.62,318.83300000000003
516.75,290.08300000000003
516.88,289.83300000000003
517.0,317.08300000000003
517.13,313.08300000000003
517.25999999999999,288.33300000000003
517.38999999999999,288.08300000000003
517.51999999999998,310.58300000000003
517.63999999999999,345.58300000000003
517.76999999999998,372.08300000000008
517.89999999999998,364.83300000000008
518.02999999999997,365.58300000000008
518.15999999999997,390.33300000000008
518.27999999999997,419.08300000000008
518.40999999999997,430.83300000000008
518.53999999999996,412.08300000000008
518.66999999999996,390.58300000000008
518.78999999999996,397.58300000000008
518.91999999999996,419.33300000000008
519.04999999999995,429.58300000000008
519.17999999999995,449.83300000000008
519.30999999999995,472.58300000000008
519.42999999999995,474.83300000000008
519.55999999999995,483.58300000000003
519.69000000000005,493.33299999999997
519.82000000000005,490.08300000000003
519.95000000000005,506.83299999999997
520.07000000000005,525.33299999999997
520.20000000000005,544.83299999999997
520.33000000000004,582.33299999999997
520.46000000000004,585.08299999999997
520.58000000000004,565.83299999999997
520.71000000000004,575.08299999999997
520.84000000000003,608.83299999999997
520.97000000000003,635.08299999999997
521.09000000000003,631.58299999999997
521.22000000000003,642.08299999999997
521.35000000000002,667.08299999999997
521.48000000000002,669.33299999999997
521.60000000000002,685.08299999999997
521.73000000000002,702.58299999999986
521.86000000000001,705.33299999999986
521.99000000000001,727.58299999999986
522.11000000000001,736.08299999999986
522.24000000000001,741.58299999999986
522.37,772.58299999999986
522.5,794.08300000000008
522.62,811.08300000000008
522.75,836.58300000000008
522.88,857.83300000000008
523.00999999999999,857.08300000000008
523.13,893.33300000000008
523.25999999999999,961.58300000000008
523.38999999999999,964.83300000000008
523.51999999999998,949.58300000000008
523.63999999999999,960.08300000000008
523.76999999999998,976.08300000000008
523.89999999999998,1010.8330000000001
524.01999999999998,1057.0830000000001
524.14999999999998,1084.3330000000001
524.27999999999997,1094.0830000000001
524.40999999999997,1115.3330000000001
524.52999999999997,1156.8330000000001
524.65999999999997,1193.8330000000001
524.78999999999996,1231.8330000000001
524.90999999999997,1272.8330000000001
525.03999999999996,1303.5830000000001
525.16999999999996,1326.3330000000001
525.29999999999995,1329.8330000000001
525.41999999999996,1354.8330000000001
525.54999999999995,1397.8330000000001
525.67999999999995,1418.0830000000001
525.79999999999995,1438.8330000000001
525.92999999999995,1476.0830000000001
526.05999999999995,1529.5830000000001
526.17999999999995,1583.0830000000001
526.30999999999995,1601.0830000000001
526.44000000000005,1619.3330000000001
526.57000000000005,1647.0830000000001
526.69000000000005,1660.0830000000001
526.82000000000005,1715.3330000000001
526.95000000000005,1786.0830000000001
527.07000000000005,1835.5830000000001
527.20000000000005,1873.0830000000001
527.33000000000004,1917.3330000000001
527.45000000000005,2012.5830000000001
527.58000000000004,2099.3330000000001
527.71000000000004,2123.8330000000001
527.83000000000004,2125.0830000000001
527.96000000000004,2147.3330000000001
528.09000000000003,2186.8330000000001
528.21000000000004,2243.0830000000001
528.34000000000003,2355.3330000000001
528.47000000000003,2444.0830000000001
528.59000000000003,2469.8330000000001
528.72000000000003,2530.0830000000001
528.85000000000002,2611.8330000000001
528.97000000000003,2659.0830000000001
529.10000000000002,2703.3330000000001
529.23000000000002,2805.0829999999996
529.35000000000002,2943.3329999999996
529.48000000000002,3049.3329999999996
529.61000000000001,3134.8329999999996
529.73000000000002,3272.3330000000005
529.86000000000001,3422.8330000000005
529.99000000000001,3540.0830000000005
530.11000000000001,3674.5830000000005
530.24000000000001,3815.8330000000005
530.37,3987.5830000000001
530.49000000000001,4238.3329999999996
530.62,4555.8329999999996
530.74000000000001,5149.8329999999996
530.87,7490.8329999999996
531.0,17578.832999999999
531.12,38800.582999999999
531.25,58335.332999999999
531.38,64815.832999999999
531.5,64815.832999999999
531.63,64815.832999999999
531.75999999999999,64815.832999999999
531.88,64815.832999999999
532.00999999999999,64815.832999999999
532.13,64815.832999999999
532.25999999999999,64815.832999999999
532.38999999999999,64815.832999999999
532.50999999999999,64815.832999999999
532.63999999999999,64815.832999999999
532.75999999999999,64815.832999999999
532.88999999999999,64815.832999999999
533.01999999999998,64815.832999999999
533.13999999999999,64815.832999999999
533.26999999999998,64815.832999999999
533.39999999999998,52416.582999999999
533.51999999999998,25793.083000000002
533.64999999999998,9576.3330000000005
533.76999999999998,7380.8329999999996
533.89999999999998,7178.8329999999996
534.01999999999998,7144.0829999999996
534.14999999999998,6967.5829999999996
534.27999999999997,6766.5829999999996
534.39999999999998,6705.8329999999996
534.52999999999997,6701.3329999999996
534.64999999999998,6715.8329999999996
534.77999999999997,6765.3329999999996
534.90999999999997,6803.3329999999996
535.02999999999997,6874.0829999999996
535.15999999999997,6999.8329999999996
535.27999999999997,7101.0829999999996
535.40999999999997,7235.3329999999996
535.53999999999996,7373.3329999999996
535.65999999999997,7448.5829999999996
535.78999999999996,7554.3329999999996
535.90999999999997,7700.0829999999996
536.03999999999996,7841.8329999999996
536.15999999999997,7997.8329999999996
536.28999999999996,8170.0829999999996
536.41999999999996,8315.0830000000005
536.53999999999996,8429.8330000000005
536.66999999999996,8552.0830000000005
536.78999999999996,8693.0830000000005
536.91999999999996,8851.0830000000005
537.03999999999996,9036.0830000000005
537.16999999999996,9234.0830000000005
537.28999999999996,9387.5830000000005
537.41999999999996,9530.5830000000005
537.54999999999995,9713.3330000000005
537.66999999999996,9883.8330000000005
537.79999999999995,10061.083000000001
537.91999999999996,10239.333000000001
538.04999999999995,10380.583000000001
538.16999999999996,10538.583000000001
538.29999999999995,10716.333000000001
538.41999999999996,10905.333000000001
538.54999999999995,11100.833000000001
538.66999999999996,11295.083000000001
538.79999999999995,11507.083000000001
538.91999999999996,11703.333000000001
539.04999999999995,11869.833000000001
539.17999999999995,12063.583000000001
539.29999999999995,12279.833000000001
539.42999999999995,12426.833000000001
539.54999999999995,12544.833000000001
539.67999999999995,12743.083000000001
539.79999999999995,13021.833000000001
539.92999999999995,13297.333000000001
540.04999999999995,13479.333000000001
540.17999999999995,13612.833000000001
540.29999999999995,13775.083000000001
540.42999999999995,13976.083000000001
540.54999999999995,14252.833000000001
540.67999999999995,14559.833000000001
540.79999999999995,14844.083000000001
540.92999999999995,15163.333000000001
541.04999999999995,15450.833000000001
541.17999999999995,15676.083000000001
541.29999999999995,15963.083000000001
541.42999999999995,16252.082999999999
541.54999999999995,16457.582999999999
541.67999999999995,16735.332999999999
541.79999999999995,17092.082999999999
541.92999999999995,17371.332999999999
542.04999999999995,17602.332999999999
542.17999999999995,17759.832999999999
542.29999999999995,17892.582999999999
542.42999999999995,18186.082999999999
542.54999999999995,18566.832999999999
542.67999999999995,18898.332999999999
542.79999999999995,19063.582999999999
542.92999999999995,19129.832999999999
543.04999999999995,19296.082999999999
543.17999999999995,19412.582999999999
543.29999999999995,19445.832999999999
543.42999999999995,19592.082999999999
543.54999999999995,19793.832999999999
543.67999999999995,20039.332999999999
543.79999999999995,20413.832999999999
543.91999999999996,20754.332999999999
544.04999999999995,20946.582999999999
544.16999999999996,21119.082999999999
544.29999999999995,21342.832999999999
544.41999999999996,21626.582999999999
544.54999999999995,21943.332999999999
544.66999999999996,22112.082999999999
544.79999999999995,22145.832999999999
544.91999999999996,22295.082999999999
545.04999999999995,22571.082999999999
545.16999999999996,22896.082999999999
545.28999999999996,23238.832999999999
545.41999999999996,23511.582999999999
545.53999999999996,23667.332999999999
545.66999999999996,23769.832999999999
545.78999999999996,23965.082999999999
545.91999999999996,24130.332999999999
546.03999999999996,24178.832999999999
546.16999999999996,24286.332999999999
546.28999999999996,24442.582999999999
546.40999999999997,24665.332999999999
546.53999999999996,24956.083000000002
546.65999999999997,25197.333000000002
546.78999999999996,25392.583000000002
546.90999999999997,25521.083000000002
547.03999999999996,25636.333000000002
547.15999999999997,25733.833000000002
547.27999999999997,25739.083000000002
547.40999999999997,25733.583000000002
547.52999999999997,25764.083000000002
547.65999999999997,25900.083000000002
547.77999999999997,26071.833000000002
547.90999999999997,26161.583000000002
548.02999999999997,26248.083000000002
548.14999999999998,26389.833000000002
548.27999999999997,26539.583000000002
548.39999999999998,26673.833000000002
548.52999999999997,26883.333000000002
548.64999999999998,27143.833000000002
548.76999999999998,27325.833000000002
548.89999999999998,27421.083000000002
549.01999999999998,27559.583000000002
549.14999999999998,27725.333000000002
549.26999999999998,27844.083000000002
549.38999999999999,28021.583000000002
549.51999999999998,28216.583000000002
549.63999999999999,28346.333000000002
549.76999999999998,28474.833000000002
549.88999999999999,28660.583000000002
550.00999999999999,28784.333000000002
550.13999999999999,28788.083000000002
550.25999999999999,28874.083000000002
550.38,29063.333000000002
550.50999999999999,29229.583000000002
550.63,29407.833000000002
550.75999999999999,29569.333000000002
550.88,29626.833000000002
551.0,29727.333000000002
551.13,29863.583000000002
551.25,29924.333000000002
551.37,30006.083000000002
551.5,30127.833000000002
551.62,30295.583000000002
551.75,30441.083000000002
551.87,30463.333000000002
551.99000000000001,30564.833000000002
552.12,30824.833000000002
552.24000000000001,30977.083000000002
552.36000000000001,30994.083000000002
552.49000000000001,31063.083000000002
552.61000000000001,31186.333000000002
552.73000000000002,31305.833000000002
552.86000000000001,31393.583000000002
552.98000000000002,31477.333000000002
553.10000000000002,31544.833000000002
553.23000000000002,31535.333000000002
553.35000000000002,31647.583000000002
553.47000000000003,31897.833000000002
553.60000000000002,32019.083000000002
553.72000000000003,32067.333000000002
553.84000000000003,32110.583000000002
553.97000000000003,32106.333000000002
554.09000000000003,32173.083000000002
554.21000000000004,32316.083000000002
554.34000000000003,32421.583000000002
554.46000000000004,32532.333000000002
554.58000000000004,32658.333000000002
554.71000000000004,32673.583000000002
554.83000000000004,32656.083000000002
554.95000000000005,32696.583000000002
555.08000000000004,32765.082999999999
555.20000000000005,32866.082999999999
555.32000000000005,32936.082999999999
555.45000000000005,32998.082999999999
555.57000000000005,33101.332999999999
555.69000000000005,33151.832999999999
555.82000000000005,33111.832999999999
555.94000000000005,33121.082999999999
556.05999999999995,33248.082999999999
556.19000000000005,33361.832999999999
556.30999999999995,33436.582999999999
556.42999999999995,33516.082999999999
556.54999999999995,33530.582999999999
556.67999999999995,33552.582999999999
556.79999999999995,33634.582999999999
556.91999999999996,33696.332999999999
557.04999999999995,33764.082999999999
557.16999999999996,33774.082999999999
557.28999999999996,33747.082999999999
557.40999999999997,33773.332999999999
557.53999999999996,33820.082999999999
557.65999999999997,33940.582999999999
557.77999999999997,34067.832999999999
557.90999999999997,34034.832999999999
558.02999999999997,33959.832999999999
558.14999999999998,33905.832999999999
558.26999999999998,33753.582999999999
558.39999999999998,33719.582999999999
558.51999999999998,33847.082999999999
558.63999999999999,33851.582999999999
558.75999999999999,33774.582999999999
558.88999999999999,33778.832999999999
559.00999999999999,33780.332999999999
559.13,33708.832999999999
559.25999999999999,33753.582999999999
559.38,33837.832999999999
559.5,33849.832999999999
559.62,33870.082999999999
559.75,33765.832999999999
559.87,33733.832999999999
559.99000000000001,33856.582999999999
560.11000000000001,33784.082999999999
560.24000000000001,33654.832999999999
560.36000000000001,33638.332999999999
560.48000000000002,33611.332999999999
560.60000000000002,33605.082999999999
560.73000000000002,33553.082999999999
560.85000000000002,33515.832999999999
560.97000000000003,33572.582999999999
561.09000000000003,33545.082999999999
561.22000000000003,33487.082999999999
561.34000000000003,33472.832999999999
561.46000000000004,33398.332999999999
561.58000000000004,33297.082999999999
561.70000000000005,33269.082999999999
561.83000000000004,33262.582999999999
561.95000000000005,33229.582999999999
562.07000000000005,33192.332999999999
562.19000000000005,33161.832999999999
562.32000000000005,33115.332999999999
562.44000000000005,32991.832999999999
562.55999999999995,32892.832999999999
562.67999999999995,32882.832999999999
562.79999999999995,32838.582999999999
562.92999999999995,32804.832999999999
563.04999999999995,32796.082999999999
563.16999999999996,32726.583000000002
563.28999999999996,32631.083000000002
563.40999999999997,32555.583000000002
563.53999999999996,32559.333000000002
563.65999999999997,32547.833000000002
563.77999999999997,32465.333000000002
563.89999999999998,32445.583000000002
564.01999999999998,32405.583000000002
564.14999999999998,32262.083000000002
564.26999999999998,32092.833000000002
564.38999999999999,31978.083000000002
564.50999999999999,32002.583000000002
564.63,32036.333000000002
564.75999999999999,31929.583000000002
564.88,31796.083000000002
565.0,31725.083000000002
565.12,31676.333000000002
565.24000000000001,31656.833000000002
565.36000000000001,31676.333000000002
565.49000000000001,31567.083000000002
565.61000000000001,31387.833000000002
565.73000000000002,31271.583000000002
565.85000000000002,31061.333000000002
565.97000000000003,30753.583000000002
566.09000000000003,30175.833000000002
566.22000000000003,29221.583000000002
566.34000000000003,28306.583000000002
566.46000000000004,27784.583000000002
566.58000000000004,27882.583000000002
566.70000000000005,28591.083000000002
566.82000000000005,29517.083000000002
566.95000000000005,30039.583000000002
567.07000000000005,29888.333000000002
567.19000000000005,29574.333000000002
567.30999999999995,29372.333000000002
567.42999999999995,29221.333000000002
567.54999999999995,29267.333000000002
567.67999999999995,29507.583000000002
567.79999999999995,29709.583000000002
567.91999999999996,29659.583000000002
568.03999999999996,29507.083000000002
568.15999999999997,29440.083000000002
568.27999999999997,29365.833000000002
568.39999999999998,29306.583000000002
568.51999999999998,29266.083000000002
568.64999999999998,29129.083000000002
568.76999999999998,28942.083000000002
568.88999999999999,28814.583000000002
569.00999999999999,28726.833000000002
569.13,28611.083000000002
569.25,28503.833000000002
569.37,28449.833000000002
569.49000000000001,28443.333000000002
569.62,28370.333000000002
569.74000000000001,28259.583000000002
569.86000000000001,28215.583000000002
569.98000000000002,28079.083000000002
570.10000000000002,27911.833000000002
570.22000000000003,27842.833000000002
570.34000000000003,27766.083000000002
570.46000000000004,27667.083000000002
570.58000000000004,27508.083000000002
570.71000000000004,27302.833000000002
570.83000000000004,27132.333000000002
570.95000000000005,27017.583000000002
571.07000000000005,26963.333000000002
571.19000000000005,26910.833000000002
571.30999999999995,26852.083000000002
571.42999999999995,26775.333000000002
571.54999999999995,26664.833000000002
571.66999999999996,26561.083000000002
571.78999999999996,26461.333000000002
571.91999999999996,26306.583000000002
572.03999999999996,26139.833000000002
572.15999999999997,26062.583000000002
572.27999999999997,26043.333000000002
572.39999999999998,25980.083000000002
572.51999999999998,25828.083000000002
572.63999999999999,25527.083000000002
572.75999999999999,24892.583000000002
572.88,24033.583000000002
573.0,23275.332999999999
573.12,22697.082999999999
573.24000000000001,22504.082999999999
573.36000000000001,22864.582999999999
573.48000000000002,23543.582999999999
573.61000000000001,24166.332999999999
573.73000000000002,24425.332999999999
573.85000000000002,24355.332999999999
573.97000000000003,24200.832999999999
574.09000000000003,24049.832999999999
574.21000000000004,23925.832999999999
574.33000000000004,23892.832999999999
574.45000000000005,23915.832999999999
574.57000000000005,23962.082999999999
574.69000000000005,24059.582999999999
574.80999999999995,24147.582999999999
574.92999999999995,24146.582999999999
575.04999999999995,24020.582999999999
575.16999999999996,23833.832999999999
575.28999999999996,23626.082999999999
575.40999999999997,23449.832999999999
575.52999999999997,23373.332999999999
575.64999999999998,23298.082999999999
575.76999999999998,23203.332999999999
575.88999999999999,23031.332999999999
576.00999999999999,22781.582999999999
576.13,22621.332999999999
576.25,22547.582999999999
576.37,22515.582999999999
576.49000000000001,22497.082999999999
576.61000000000001,22404.332999999999
576.74000000000001,22285.332999999999
576.86000000000001,22147.332999999999
576.98000000000002,21941.832999999999
577.10000000000002,21777.832999999999
577.22000000000003,21645.582999999999
577.34000000000003,21517.582999999999
577.46000000000004,21500.082999999999
577.58000000000004,21604.332999999999
577.70000000000005,21736.332999999999
577.82000000000005,21761.082999999999
577.94000000000005,21657.832999999999
578.05999999999995,21524.082999999999
578.17999999999995,21393.332999999999
578.29999999999995,21305.832999999999
578.41999999999996,21240.332999999999
578.53999999999996,21202.832999999999
578.65999999999997,21168.832999999999
578.77999999999997,21067.832999999999
578.89999999999998,20986.082999999999
579.00999999999999,20933.832999999999
579.13,20838.582999999999
579.25,20722.582999999999
579.37,20601.582999999999
579.49000000000001,20521.082999999999
579.61000000000001,20496.332999999999
579.73000000000002,20472.332999999999
579.85000000000002,20459.582999999999
579.97000000000003,20336.082999999999
580.09000000000003,20131.582999999999
580.21000000000004,20044.082999999999
580.33000000000004,20019.582999999999
580.45000000000005,19921.832999999999
580.57000000000005,19796.332999999999
580.69000000000005,19729.082999999999
580.80999999999995,19646.082999999999
580.92999999999995,19513.832999999999
581.04999999999995,19482.082999999999
581.16999999999996,19464.332999999999
581.28999999999996,19287.832999999999
581.40999999999997,19196.332999999999
581.52999999999997,19217.082999999999
581.64999999999998,19094.832999999999
581.76999999999998,18930.582999999999
581.88999999999999,18815.832999999999
582.00999999999999,18664.582999999999
582.12,18584.832999999999
582.24000000000001,18564.082999999999
582.36000000000001,18478.082999999999
582.48000000000002,18479.832999999999
582.60000000000002,18487.582999999999
582.72000000000003,18340.082999999999
582.84000000000003,18249.832999999999
582.96000000000004,18197.332999999999
583.08000000000004,18107.582999999999
583.20000000000005,18090.082999999999
583.32000000000005,18092.332999999999
583.44000000000005,18001.082999999999
583.55999999999995,17858.332999999999
583.67999999999995,17757.832999999999
583.78999999999996,17658.082999999999
583.90999999999997,17545.832999999999
584.02999999999997,17477.082999999999
584.14999999999998,17466.082999999999
584.26999999999998,17419.832999999999
584.38999999999999,17327.582999999999
584.50999999999999,17265.582999999999
584.63,17181.082999999999
584.75,17077.082999999999
584.87,16982.582999999999
584.98000000000002,16902.332999999999
585.10000000000002,16864.832999999999
585.22000000000003,16830.332999999999
585.34000000000003,16745.832999999999
585.46000000000004,16649.832999999999
585.58000000000004,16580.082999999999
585.70000000000005,16534.332999999999
585.82000000000005,16506.582999999999
585.94000000000005,16442.832999999999
586.04999999999995,16360.333000000001
586.16999999999996,16280.583000000001
586.28999999999996,16195.333000000001
586.40999999999997,16175.333000000001
586.52999999999997,16167.333000000001
586.64999999999998,16094.083000000001
586.76999999999998,16008.833000000001
586.88999999999999,15958.833000000001
587.0,15969.333000000001
587.12,15945.333000000001
587.24000000000001,15839.083000000001
587.36000000000001,15808.333000000001
587.48000000000002,15822.333000000001
587.60000000000002,15779.583000000001
587.72000000000003,15705.083000000001
587.83000000000004,15536.083000000001
587.95000000000005,15363.333000000001
588.07000000000005,15376.833000000001
588.19000000000005,15392.583000000001
588.30999999999995,15249.333000000001
588.42999999999995,15183.583000000001
588.54999999999995,15166.083000000001
588.65999999999997,15053.833000000001
588.77999999999997,14977.333000000001
588.89999999999998,14933.333000000001
589.01999999999998,14849.833000000001
589.13999999999999,14780.083000000001
589.25999999999999,14736.583000000001
589.37,14672.333000000001
589.49000000000001,14571.333000000001
589.61000000000001,14502.583000000001
589.73000000000002,14479.333000000001
589.85000000000002,14392.083000000001
589.97000000000003,14297.833000000001
590.08000000000004,14271.833000000001
590.20000000000005,14228.333000000001
590.32000000000005,14150.583000000001
590.44000000000005,14122.083000000001
590.55999999999995,14092.083000000001
590.66999999999996,14033.083000000001
590.78999999999996,13996.833000000001
590.90999999999997,13963.833000000001
591.02999999999997,13897.583000000001
591.14999999999998,13806.333000000001
591.26999999999998,13764.333000000001
591.38,13713.583000000001
591.5,13651.583000000001
591.62,13605.833000000001
591.74000000000001,13567.083000000001
591.86000000000001,13542.083000000001
591.97000000000003,13456.333000000001
592.09000000000003,13394.583000000001
592.21000000000004,13376.833000000001
592.33000000000004,13348.833000000001
592.44000000000005,13354.583000000001
592.55999999999995,13356.583000000001
592.67999999999995,13324.333000000001
592.79999999999995,13293.583000000001
592.91999999999996,13266.583000000001
593.02999999999997,13233.583000000001
593.14999999999998,13191.583000000001
593.26999999999998,13132.333000000001
593.38999999999999,13071.583000000001
593.5,12976.083000000001
593.62,12880.333000000001
593.74000000000001,12827.333000000001
593.86000000000001,12791.333000000001
593.98000000000002,12772.333000000001
594.09000000000003,12722.083000000001
594.21000000000004,12659.333000000001
594.33000000000004,12626.833000000001
594.45000000000005,12589.833000000001
594.55999999999995,12569.333000000001
594.67999999999995,12576.833000000001
594.79999999999995,12534.083000000001
594.91999999999996,12494.333000000001
595.02999999999997,12465.833000000001
595.14999999999998,12333.583000000001
595.26999999999998,12235.333000000001
595.38999999999999,12214.833000000001
595.5,12213.833000000001
595.62,12206.583000000001
595.74000000000001,12110.833000000001
595.86000000000001,12024.083000000001
595.97000000000003,11978.833000000001
596.09000000000003,12005.333000000001
596.21000000000004,12046.833000000001
596.32000000000005,11980.583000000001
596.44000000000005,11898.583000000001
596.55999999999995,11849.833000000001
596.67999999999995,11846.083000000001
596.78999999999996,11885.833000000001
596.90999999999997,11918.333000000001
597.02999999999997,11877.583000000001
597.14999999999998,11776.833000000001
597.25999999999999,11704.833000000001
597.38,11690.583000000001
597.5,11647.833000000001
597.61000000000001,11562.833000000001
597.73000000000002,11539.333000000001
597.85000000000002,11537.833000000001
597.96000000000004,11503.833000000001
598.08000000000004,11484.583000000001
598.20000000000005,11491.083000000001
598.32000000000005,11470.833000000001
598.42999999999995,11416.083000000001
598.54999999999995,11388.583000000001
598.66999999999996,11364.333000000001
598.77999999999997,11345.083000000001
598.89999999999998,11381.583000000001
599.01999999999998,11388.083000000001
599.13,11282.833000000001
599.25,11190.833000000001
599.37,11162.083000000001
599.48000000000002,11096.333000000001
599.60000000000002,11064.333000000001
599.72000000000003,11077.833000000001
599.84000000000003,11059.333000000001
599.95000000000005,11022.333000000001
600.07000000000005,10965.833000000001
600.19000000000005,10908.833000000001
600.29999999999995,10907.083000000001
600.41999999999996,10888.833000000001
600.53999999999996,10823.833000000001
600.64999999999998,10809.083000000001
600.76999999999998,10785.583000000001
600.88999999999999,10686.833000000001
601.0,10596.333000000001
601.12,10584.333000000001
601.23000000000002,10624.333000000001
601.35000000000002,10649.833000000001
601.47000000000003,10587.833000000001
601.58000000000004,10499.583000000001
601.70000000000005,10465.583000000001
601.82000000000005,10440.083000000001
601.92999999999995,10387.333000000001
602.04999999999995,10322.333000000001
602.16999999999996,10303.333000000001
602.27999999999997,10299.583000000001
602.39999999999998,10274.833000000001
602.51999999999998,10255.833000000001
602.63,10219.833000000001
602.75,10165.333000000001
602.86000000000001,10130.083000000001
602.98000000000002,10117.833000000001
603.10000000000002,10086.833000000001
603.21000000000004,10039.333000000001
603.33000000000004,9987.0830000000005
603.45000000000005,9928.8330000000005
603.55999999999995,9927.5830000000005
603.67999999999995,9956.0830000000005
603.78999999999996,9964.3330000000005
603.90999999999997,9935.3330000000005
604.02999999999997,9832.3330000000005
604.13999999999999,9779.0830000000005
604.25999999999999,9800.5830000000005
604.37,9792.0830000000005
604.49000000000001,9764.5830000000005
604.61000000000001,9716.0830000000005
604.72000000000003,9700.0830000000005
604.84000000000003,9691.5830000000005
604.95000000000005,9636.3330000000005
605.07000000000005,9615.3330000000005
605.19000000000005,9584.0830000000005
605.29999999999995,9543.3330000000005
605.41999999999996,9549.5830000000005
605.52999999999997,9531.8330000000005
605.64999999999998,9470.3330000000005
605.76999999999998,9431.0830000000005
605.88,9430.5830000000005
606.0,9382.8330000000005
606.11000000000001,9299.5830000000005
606.23000000000002,9275.3330000000005
606.34000000000003,9244.3330000000005
606.46000000000004,9187.0830000000005
606.58000000000004,9158.5830000000005
606.69000000000005,9185.5830000000005
606.80999999999995,9237.0830000000005
606.91999999999996,9178.5830000000005
607.03999999999996,9092.8330000000005
607.14999999999998,9060.3330000000005
607.26999999999998,9028.3330000000005
607.38999999999999,9041.8330000000005
607.5,9057.0830000000005
607.62,9049.5830000000005
607.73000000000002,9028.3330000000005
607.85000000000002,8982.8330000000005
607.96000000000004,8997.0830000000005
608.08000000000004,8997.0830000000005
608.19000000000005,8907.8330000000005
608.30999999999995,8863.3330000000005
608.42999999999995,8877.5830000000005
608.53999999999996,8865.3330000000005
608.65999999999997,8822.3330000000005
608.76999999999998,8789.5830000000005
608.88999999999999,8775.3330000000005
609.0,8749.8330000000005
609.12,8769.5830000000005
609.23000000000002,8824.5830000000005
609.35000000000002,8803.3330000000005
609.46000000000004,8769.8330000000005
609.58000000000004,8811.0830000000005
609.69000000000005,8860.5830000000005
609.80999999999995,8860.5830000000005
609.91999999999996,8856.8330000000005
610.03999999999996,8947.5830000000005
610.14999999999998,9086.5830000000005
610.26999999999998,9173.3330000000005
610.38999999999999,9257.5830000000005
610.5,9394.3330000000005
610.62,9589.5830000000005
610.73000000000002,9763.8330000000005
610.85000000000002,9866.5830000000005
610.96000000000004,9910.3330000000005
611.08000000000004,9898.3330000000005
611.19000000000005,9893.8330000000005
611.30999999999995,9923.3330000000005
611.41999999999996,9962.8330000000005
611.53999999999996,9973.3330000000005
611.64999999999998,9954.8330000000005
611.76999999999998,9944.0830000000005
611.88,9966.3330000000005
611.99000000000001,9933.5830000000005
612.11000000000001,9807.3330000000005
612.22000000000003,9693.5830000000005
612.34000000000003,9571.5830000000005
612.45000000000005,9452.5830000000005
612.57000000000005,9304.3330000000005
612.67999999999995,9085.3330000000005
612.79999999999995,8914.3330000000005
612.90999999999997,8766.3330000000005
613.02999999999997,8614.0830000000005
613.13999999999999,8509.0830000000005
613.25999999999999,8443.5830000000005
613.37,8382.0830000000005
613.49000000000001,8310.0830000000005
613.60000000000002,8256.3330000000005
613.72000000000003,8201.5830000000005
613.83000000000004,8147.8330000000005
613.94000000000005,8118.3329999999996
614.05999999999995,8074.3329999999996
614.16999999999996,8009.3329999999996
614.28999999999996,7972.0829999999996
614.39999999999998,7932.8329999999996
614.51999999999998,7850.5829999999996
614.63,7775.5829999999996
614.75,7707.0829999999996
614.86000000000001,7657.8329999999996
614.98000000000002,7652.0829999999996
615.09000000000003,7634.5829999999996
615.20000000000005,7591.5829999999996
615.32000000000005,7533.5829999999996
615.42999999999995,7492.8329999999996
615.54999999999995,7479.0829999999996
615.65999999999997,7453.0829999999996
615.77999999999997,7415.5829999999996
615.88999999999999,7333.3329999999996
616.0,7261.8329999999996
616.12,7244.5829999999996
616.23000000000002,7190.3329999999996
616.35000000000002,7096.5829999999996
616.46000000000004,7000.8329999999996
616.57000000000005,6969.5829999999996
616.69000000000005,6973.3329999999996
616.79999999999995,6936.0829999999996
616.91999999999996,6929.3329999999996
617.02999999999997,6927.5829999999996
617.14999999999998,6892.3329999999996
617.25999999999999,6865.5829999999996
617.37,6803.5829999999996
617.49000000000001,6743.8329999999996
617.60000000000002,6754.8329999999996
617.72000000000003,6731.5829999999996
617.83000000000004,6657.8329999999996
617.94000000000005,6593.5829999999996
618.05999999999995,6554.8329999999996
618.16999999999996,6582.8329999999996
618.27999999999997,6623.5829999999996
618.39999999999998,6609.0829999999996
618.50999999999999,6533.0829999999996
618.63,6450.8329999999996
618.74000000000001,6413.8329999999996
618.85000000000002,6422.5829999999996
618.97000000000003,6437.5829999999996
619.08000000000004,6416.0829999999996
619.20000000000005,6387.0829999999996
619.30999999999995,6411.0829999999996
619.41999999999996,6424.0829999999996
619.53999999999996,6352.0829999999996
619.64999999999998,6285.5829999999996
619.75999999999999,6278.0829999999996
619.88,6288.3329999999996
619.99000000000001,6252.3329999999996
620.10000000000002,6160.0829999999996
620.22000000000003,6062.3329999999996
620.33000000000004,6025.8329999999996
620.45000000000005,6068.0829999999996
620.55999999999995,6093.0829999999996
620.66999999999996,6061.8329999999996
620.78999999999996,6043.3329999999996
620.89999999999998,6029.5829999999996
621.00999999999999,6033.5829999999996
621.13,6021.5829999999996
621.24000000000001,5941.5829999999996
621.35000000000002,5914.3329999999996
621.47000000000003,5911.5829999999996
621.58000000000004,5846.5829999999996
621.69000000000005,5810.3329999999996
621.80999999999995,5812.8329999999996
621.91999999999996,5782.8329999999996
622.02999999999997,5755.3329999999996
622.14999999999998,5725.3329999999996
622.25999999999999,5647.3329999999996
622.37,5619.0829999999996
622.49000000000001,5649.5829999999996
622.60000000000002,5619.3329999999996
622.71000000000004,5574.8329999999996
622.83000000000004,5555.3329999999996
622.94000000000005,5535.8329999999996
623.04999999999995,5504.0829999999996
623.15999999999997,5461.8329999999996
623.27999999999997,5433.0829999999996
623.38999999999999,5390.3329999999996
623.5,5383.5829999999996
623.62,5377.5829999999996
623.73000000000002,5334.8329999999996
623.84000000000003,5298.0829999999996
623.96000000000004,5241.8329999999996
624.07000000000005,5188.8329999999996
624.17999999999995,5158.8329999999996
624.28999999999996,5149.0829999999996
624.40999999999997,5143.5829999999996
624.51999999999998,5162.8329999999996
624.63,5136.3329999999996
624.75,5070.3329999999996
624.86000000000001,5070.0829999999996
624.97000000000003,5067.0829999999996
625.08000000000004,5048.8329999999996
625.20000000000005,5016.0829999999996
625.30999999999995,4999.5829999999996
625.41999999999996,5009.3329999999996
625.52999999999997,4971.0829999999996
625.64999999999998,4916.3329999999996
625.75999999999999,4881.0829999999996
625.87,4840.5829999999996
625.99000000000001,4805.5829999999996
626.10000000000002,4776.3329999999996
626.21000000000004,4725.3329999999996
626.32000000000005,4692.3329999999996
626.44000000000005,4702.5829999999996
626.54999999999995,4707.8329999999996
626.65999999999997,4653.0829999999996
626.76999999999998,4587.0829999999996
626.88999999999999,4587.5829999999996
627.0,4611.8329999999996
627.11000000000001,4590.0829999999996
627.22000000000003,4541.5829999999996
627.34000000000003,4513.5829999999996
627.45000000000005,4490.0829999999996
627.55999999999995,4465.3329999999996
627.66999999999996,4441.3329999999996
627.78999999999996,4414.8329999999996
627.89999999999998,4419.3329999999996
628.00999999999999,4408.3329999999996
628.12,4370.5829999999996
628.23000000000002,4352.0829999999996
628.35000000000002,4336.3329999999996
628.46000000000004,4320.5829999999996
628.57000000000005,4308.5829999999996
628.67999999999995,4286.0829999999996
628.79999999999995,4233.0829999999996
628.90999999999997,4191.0829999999996
629.01999999999998,4198.3329999999996
629.13,4205.5829999999996
629.24000000000001,4174.3329999999996
629.36000000000001,4131.5829999999996
629.47000000000003,4038.5829999999996
629.58000000000004,3949.3329999999996
629.69000000000005,4014.3330000000001
629.79999999999995,4081.0829999999996
629.91999999999996,4032.3329999999996
630.02999999999997,4018.5830000000001
630.13999999999999,4026.5829999999996
630.25,3980.5829999999996
630.36000000000001,3989.8330000000005
630.48000000000002,4046.8330000000005
630.59000000000003,4029.0830000000005
630.70000000000005,3981.0830000000005
630.80999999999995,3978.8330000000005
630.91999999999996,3961.3330000000005
631.02999999999997,3922.8330000000005
631.14999999999998,3916.5830000000005
631.25999999999999,3899.8330000000005
631.37,3852.3330000000005
631.48000000000002,3797.5830000000005
631.59000000000003,3753.3330000000005
631.71000000000004,3728.5830000000005
631.82000000000005,3698.0830000000005
631.92999999999995,3654.3330000000005
632.03999999999996,3656.8330000000005
632.14999999999998,3686.5830000000005
632.25999999999999,3647.8330000000005
632.37,3562.8330000000005
632.49000000000001,3486.5830000000005
632.60000000000002,3458.3330000000005
632.71000000000004,3467.5830000000005
632.82000000000005,3427.5830000000005
632.92999999999995,3387.5830000000005
633.03999999999996,3382.8330000000005
633.15999999999997,3332.0830000000005
633.26999999999998,3275.8330000000005
633.38,3283.0830000000005
633.49000000000001,3304.5830000000005
633.60000000000002,3282.0830000000005
633.71000000000004,3244.3330000000005
633.82000000000005,3223.3330000000005
633.92999999999995,3192.8330000000005
634.04999999999995,3153.3330000000005
634.15999999999997,3132.0830000000005
634.26999999999998,3107.8330000000005
634.38,3084.8330000000005
634.49000000000001,3100.0829999999996
634.60000000000002,3100.8330000000005
634.71000000000004,3061.3330000000005
634.82000000000005,3019.8329999999996
634.94000000000005,2980.8329999999996
635.04999999999995,2969.3329999999996
635.15999999999997,2968.5829999999996
635.26999999999998,2962.3329999999996
635.38,2980.0829999999996
635.49000000000001,2964.0829999999996
635.60000000000002,2917.3329999999996
635.71000000000004,2878.0829999999996
635.82000000000005,2803.5829999999996
635.94000000000005,2745.8329999999996
636.04999999999995,2778.5829999999996
636.15999999999997,2818.5829999999996
636.26999999999998,2807.5829999999996
636.38,2783.0829999999996
636.49000000000001,2749.8329999999996
636.60000000000002,2732.0829999999996
636.71000000000004,2730.8329999999996
636.82000000000005,2702.3330000000001
636.92999999999995,2685.3330000000001
637.03999999999996,2715.8330000000001
637.14999999999998,2701.3329999999996
637.26999999999998,2649.5830000000001
637.38,2640.8330000000001
637.49000000000001,2656.8330000000001
637.60000000000002,2671.0830000000001
637.71000000000004,2661.3330000000001
637.82000000000005,2652.0830000000001
637.92999999999995,2663.8330000000001
638.03999999999996,2655.8330000000001
638.14999999999998,2588.3330000000001
638.25999999999999,2539.8330000000001
638.37,2563.3330000000001
638.48000000000002,2565.8330000000001
638.59000000000003,2536.3330000000001
638.70000000000005,2505.0830000000001
638.80999999999995,2490.8330000000001
638.91999999999996,2463.0830000000001
639.02999999999997,2377.8330000000001
639.14999999999998,2351.5830000000001
639.25999999999999,2416.3330000000001
639.37,2445.0830000000001
639.48000000000002,2430.8330000000001
639.59000000000003,2405.8330000000001
639.70000000000005,2375.5830000000001
639.80999999999995,2379.8330000000001
639.91999999999996,2394.3330000000001
640.02999999999997,2379.8330000000001
640.13999999999999,2360.3330000000001
640.25,2328.5830000000001
640.36000000000001,2282.5830000000001
640.47000000000003,2272.3330000000001
640.58000000000004,2285.0830000000001
640.69000000000005,2300.8330000000001
640.79999999999995,2297.3330000000001
640.90999999999997,2272.3330000000001
641.01999999999998,2266.3330000000001
641.13,2268.0830000000001
641.24000000000001,2249.8330000000001
641.35000000000002,2236.0830000000001
641.46000000000004,2244.5830000000001
641.57000000000005,2228.0830000000001
641.67999999999995,2196.0830000000001
641.78999999999996,2185.5830000000001
641.89999999999998,2185.0830000000001
642.00999999999999,2158.3330000000001
642.12,2113.8330000000001
642.23000000000002,2094.8330000000001
642.34000000000003,2087.3330000000001
642.45000000000005,2095.0830000000001
642.55999999999995,2094.3330000000001
642.66999999999996,2090.0830000000001
642.77999999999997,2114.0830000000001
642.88999999999999,2098.8330000000001
643.0,2052.3330000000001
643.11000000000001,2033.5830000000001
643.22000000000003,2042.8330000000001
643.33000000000004,2052.5830000000001
643.44000000000005,2021.3330000000001
643.54999999999995,1964.5830000000001
643.65999999999997,1959.3330000000001
643.76999999999998,2004.5830000000001
643.88,2002.3330000000001
643.99000000000001,1957.0830000000001
644.10000000000002,1942.8330000000001
644.20000000000005,1930.3330000000001
644.30999999999995,1911.8330000000001
644.41999999999996,1920.5830000000001
644.52999999999997,1925.0830000000001
644.63999999999999,1907.0830000000001
644.75,1872.8330000000001
644.86000000000001,1840.5830000000001
644.97000000000003,1863.3330000000001
645.08000000000004,1887.0830000000001
645.19000000000005,1853.3330000000001
645.29999999999995,1835.3330000000001
645.40999999999997,1847.5830000000001
645.51999999999998,1853.8330000000001
645.63,1845.8330000000001
645.74000000000001,1824.0830000000001
645.85000000000002,1809.0830000000001
645.96000000000004,1809.5830000000001
646.05999999999995,1807.0830000000001
646.16999999999996,1795.0830000000001
646.27999999999997,1759.0830000000001
646.38999999999999,1728.5830000000001
646.5,1717.5830000000001
646.61000000000001,1710.8330000000001
646.72000000000003,1729.0830000000001
646.83000000000004,1747.5830000000001
646.94000000000005,1734.0830000000001
647.04999999999995,1711.0830000000001
647.15999999999997,1725.0830000000001
647.26999999999998,1730.8330000000001
647.37,1704.0830000000001
647.48000000000002,1679.5830000000001
647.59000000000003,1634.5830000000001
647.70000000000005,1612.8330000000001
647.80999999999995,1648.8330000000001
647.91999999999996,1667.3330000000001
648.02999999999997,1663.3330000000001
648.13999999999999,1651.3330000000001
648.25,1632.5830000000001
648.35000000000002,1642.5830000000001
648.46000000000004,1654.8330000000001
648.57000000000005,1659.3330000000001
648.67999999999995,1658.3330000000001
648.78999999999996,1638.8330000000001
648.89999999999998,1635.3330000000001
649.00999999999999,1651.5830000000001
649.12,1651.3330000000001
649.22000000000003,1631.8330000000001
649.33000000000004,1609.5830000000001
649.44000000000005,1583.8330000000001
649.54999999999995,1543.8330000000001
649.65999999999997,1525.5830000000001
649.76999999999998,1567.3330000000001
649.88,1604.8330000000001
649.98000000000002,1599.0830000000001
650.09000000000003,1593.0830000000001
650.20000000000005,1580.0830000000001
650.30999999999995,1556.0830000000001
650.41999999999996,1547.3330000000001
650.52999999999997,1548.3330000000001
650.63999999999999,1568.0830000000001
650.74000000000001,1585.5830000000001
650.85000000000002,1563.3330000000001
650.96000000000004,1525.5830000000001
651.07000000000005,1503.0830000000001
651.17999999999995,1510.8330000000001
651.28999999999996,1514.8330000000001
651.38999999999999,1495.0830000000001
651.5,1492.3330000000001
651.61000000000001,1493.3330000000001
651.72000000000003,1457.3330000000001
651.83000000000004,1424.3330000000001
651.94000000000005,1414.8330000000001
652.03999999999996,1405.8330000000001
652.14999999999998,1417.3330000000001
652.25999999999999,1442.8330000000001
652.37,1451.8330000000001
652.48000000000002,1434.0830000000001
652.58000000000004,1384.5830000000001
652.69000000000005,1354.3330000000001
652.79999999999995,1385.0830000000001
652.90999999999997,1383.0830000000001
653.01999999999998,1326.3330000000001
653.12,1312.5830000000001
653.23000000000002,1333.8330000000001
653.34000000000003,1352.8330000000001
653.45000000000005,1362.8330000000001
653.55999999999995,1328.3330000000001
653.65999999999997,1306.0830000000001
653.76999999999998,1328.3330000000001
653.88,1323.3330000000001
653.99000000000001,1307.3330000000001
654.10000000000002,1311.0830000000001
654.20000000000005,1316.8330000000001
654.30999999999995,1312.3330000000001
654.41999999999996,1300.3330000000001
654.52999999999997,1271.8330000000001
654.63,1243.8330000000001
654.74000000000001,1229.8330000000001
654.85000000000002,1210.0830000000001
654.96000000000004,1218.5830000000001
655.07000000000005,1243.3330000000001
655.16999999999996,1235.8330000000001
655.27999999999997,1210.3330000000001
655.38999999999999,1201.8330000000001
655.5,1214.3330000000001
655.60000000000002,1233.5830000000001
655.71000000000004,1240.3330000000001
655.82000000000005,1220.0830000000001
655.92999999999995,1184.3330000000001
656.02999999999997,1191.5830000000001
656.13999999999999,1236.3330000000001
656.25,1222.8330000000001
656.36000000000001,1190.0830000000001
656.46000000000004,1173.0830000000001
656.57000000000005,1129.3330000000001
656.67999999999995,1129.8330000000001
656.78999999999996,1164.0830000000001
656.88999999999999,1156.8330000000001
657.0,1154.3330000000001
657.11000000000001,1160.3330000000001
657.21000000000004,1164.5830000000001
657.32000000000005,1173.0830000000001
657.42999999999995,1168.3330000000001
657.53999999999996,1165.0830000000001
657.63999999999999,1169.0830000000001
657.75,1153.3330000000001
657.86000000000001,1096.3330000000001
657.97000000000003,1086.0830000000001
658.07000000000005,1145.3330000000001
658.17999999999995,1166.5830000000001
658.28999999999996,1154.0830000000001
658.38999999999999,1148.0830000000001
658.5,1128.5830000000001
658.61000000000001,1112.3330000000001
658.71000000000004,1117.3330000000001
658.82000000000005,1113.5830000000001
658.92999999999995,1104.3330000000001
659.03999999999996,1103.0830000000001
659.13999999999999,1111.8330000000001
659.25,1109.3330000000001
659.36000000000001,1085.3330000000001
659.46000000000004,1056.5830000000001
659.57000000000005,1037.5830000000001
659.67999999999995,1065.5830000000001
659.77999999999997,1083.8330000000001
659.88999999999999,1071.8330000000001
660.0,1090.3330000000001
660.10000000000002,1077.8330000000001
660.21000000000004,1038.5830000000001
660.32000000000005,1034.3330000000001
660.41999999999996,1021.8330000000001
660.52999999999997,1019.0830000000001
660.63999999999999,1029.8330000000001
660.74000000000001,1039.5830000000001
660.85000000000002,1052.8330000000001
660.96000000000004,1025.0830000000001
661.05999999999995,995.58300000000008
661.16999999999996,979.83300000000008
661.27999999999997,920.83300000000008
661.38,907.58300000000008
661.49000000000001,982.58300000000008
661.60000000000002,1016.8330000000001
661.70000000000005,1005.5830000000001
661.80999999999995,997.58300000000008
661.91999999999996,971.58300000000008
662.01999999999998,956.08300000000008
662.13,979.08300000000008
662.23000000000002,991.08300000000008
662.34000000000003,999.58300000000008
662.45000000000005,997.83300000000008
662.54999999999995,977.08300000000008
662.65999999999997,977.83300000000008
662.76999999999998,966.83300000000008
662.87,973.33300000000008
662.98000000000002,1004.3330000000001
663.09000000000003,989.58300000000008
663.19000000000005,963.08300000000008
663.29999999999995,962.08300000000008
663.39999999999998,952.83300000000008
663.50999999999999,941.83300000000008
663.62,944.58300000000008
663.72000000000003,934.83300000000008
663.83000000000004,920.58300000000008
663.92999999999995,909.83300000000008
664.03999999999996,888.83300000000008
664.14999999999998,890.83300000000008
664.25,889.08300000000008
664.36000000000001,893.33300000000008
664.46000000000004,931.83300000000008
664.57000000000005,939.33300000000008
664.67999999999995,926.83300000000008
664.77999999999997,909.08300000000008
664.88999999999999,893.33300000000008
664.99000000000001,872.58300000000008
665.10000000000002,845.83300000000008
665.21000000000004,851.58300000000008
665.30999999999995,862.33300000000008
665.41999999999996,860.08300000000008
665.51999999999998,840.58300000000008
665.63,841.08300000000008
665.73000000000002,863.58300000000008
665.84000000000003,856.08300000000008
665.95000000000005,844.83300000000008
666.04999999999995,835.83300000000008
666.15999999999997,830.58300000000008
666.25999999999999,837.58300000000008
666.37,846.83300000000008
666.47000000000003,857.58300000000008
666.58000000000004,856.08300000000008
666.67999999999995,851.33300000000008
666.78999999999996,818.83300000000008
666.89999999999998,781.58300000000008
667.0,792.33299999999986
667.11000000000001,795.58300000000008
667.21000000000004,793.83300000000008
667.32000000000005,801.08300000000008
667.41999999999996,804.58300000000008
667.52999999999997,814.58300000000008
667.63,817.58300000000008
667.74000000000001,827.58300000000008
667.84000000000003,839.33300000000008
667.95000000000005,822.08300000000008
668.05999999999995,796.83300000000008
668.15999999999997,805.33300000000008
668.26999999999998,822.58300000000008
668.37,823.58300000000008
668.48000000000002,822.33300000000008
668.58000000000004,775.08300000000008
668.69000000000005,727.83300000000008
668.78999999999996,764.83299999999986
668.89999999999998,801.33300000000008
669.0,804.33300000000008
669.11000000000001,790.08300000000008
669.21000000000004,744.33300000000008
669.32000000000005,729.83299999999986
669.41999999999996,762.08299999999986
669.52999999999997,788.08300000000008
669.63,792.08300000000008
669.74000000000001,780.83300000000008
669.84000000000003,768.08300000000008
669.95000000000005,768.33299999999986
670.04999999999995,767.33300000000008
670.15999999999997,760.58300000000008
670.25999999999999,747.83299999999986
670.37,731.08299999999986
670.47000000000003,725.83299999999986
670.58000000000004,718.33299999999986
670.67999999999995,712.08299999999986
670.78999999999996,711.83299999999986
670.88999999999999,725.33299999999986
671.0,733.58299999999986
671.10000000000002,708.33300000000008
671.20000000000005,698.58299999999986
671.30999999999995,720.33299999999986
671.40999999999997,706.08299999999986
671.51999999999998,681.83299999999997
671.62,722.33299999999986
671.73000000000002,746.83300000000008
671.83000000000004,724.58299999999986
671.94000000000005,705.58299999999986
672.03999999999996,673.08299999999986
672.14999999999998,655.33299999999997
672.25,683.58299999999997
672.36000000000001,700.33299999999986
672.46000000000004,693.33299999999986
672.55999999999995,680.33299999999986
672.66999999999996,672.08299999999997
672.76999999999998,677.08299999999986
672.88,676.33299999999997
672.98000000000002,688.83299999999986
673.09000000000003,691.83299999999986
673.19000000000005,670.83299999999997
673.28999999999996,651.83299999999997
673.39999999999998,641.33299999999997
673.5,666.08299999999997
673.61000000000001,702.08299999999986
673.71000000000004,682.58299999999986
673.82000000000005,639.58299999999997
673.91999999999996,636.83299999999997
674.01999999999998,660.08299999999997
674.13,668.58299999999997
674.23000000000002,630.58299999999997
674.34000000000003,592.08299999999997
674.44000000000005,580.58299999999997
674.54999999999995,585.33299999999997
674.64999999999998,623.08299999999997
674.75,651.83299999999997
674.86000000000001,638.58299999999997
674.96000000000004,628.08299999999997
675.07000000000005,643.58299999999997
675.16999999999996,638.83299999999997
675.26999999999998,614.08299999999997
675.38,589.58299999999997
675.48000000000002,559.33299999999997
675.58000000000004,565.83299999999997
675.69000000000005,602.33299999999997
675.78999999999996,590.08299999999997
675.89999999999998,560.58299999999997
676.0,563.08299999999997
676.10000000000002,591.33299999999997
676.21000000000004,623.58299999999997
676.30999999999995,636.33299999999997
676.41999999999996,654.83299999999997
676.51999999999998,659.08299999999997
676.62,634.83299999999997
676.73000000000002,622.33299999999997
676.83000000000004,625.58299999999997
676.92999999999995,633.33299999999997
677.03999999999996,636.08299999999997
677.13999999999999,632.58299999999997
677.24000000000001,620.83299999999997
677.35000000000002,615.08299999999997
677.45000000000005,625.58299999999997
677.54999999999995,612.33299999999997
677.65999999999997,581.33299999999997
677.75999999999999,563.33299999999997
677.87,585.58299999999997
677.97000000000003,623.58299999999997
678.07000000000005,622.08299999999997
678.17999999999995,602.08299999999997
678.27999999999997,601.08299999999997
678.38,623.58299999999997
678.49000000000001,571.83299999999997
678.59000000000003,483.58300000000003
678.69000000000005,510.33299999999997
678.79999999999995,558.83299999999997
678.89999999999998,574.33299999999997
679.0,582.33299999999997
679.10000000000002,571.33299999999997
679.21000000000004,574.33299999999997
679.30999999999995,587.08299999999997
679.40999999999997,580.33299999999997
679.51999999999998,559.33300000000008
679.62,572.33299999999997
679.72000000000003,585.33299999999997
679.83000000000004,577.33299999999997
679.92999999999995,579.08299999999997
680.02999999999997,563.58299999999997
680.13999999999999,538.58299999999997
680.24000000000001,509.58299999999997
680.34000000000003,498.08300000000003
680.44000000000005,522.83299999999997
680.54999999999995,532.33300000000008
680.64999999999998,524.83299999999997
680.75,525.08300000000008
680.86000000000001,548.83299999999997
680.96000000000004,553.08299999999997
681.05999999999995,530.83300000000008
681.15999999999997,529.08299999999997
681.26999999999998,521.83300000000008
681.37,504.33299999999997
681.47000000000003,498.83300000000003
681.58000000000004,528.08299999999997
681.67999999999995,534.83299999999997
681.77999999999997,503.83300000000003
681.88,491.08299999999997
681.99000000000001,493.83300000000003
682.09000000000003,518.83299999999997
682.19000000000005,512.08299999999997
682.28999999999996,472.58300000000008
682.39999999999998,468.58300000000008
682.5,488.83300000000003
682.60000000000002,501.33299999999997
682.70000000000005,497.08300000000008
682.80999999999995,508.08300000000003
682.90999999999997,523.58299999999997
683.00999999999999,498.58300000000008
683.11000000000001,460.33300000000008
683.22000000000003,458.58300000000008
683.32000000000005,474.58300000000008
683.41999999999996,479.58300000000008
683.51999999999998,497.58300000000003
683.63,508.33299999999997
683.73000000000002,506.58300000000003
683.83000000000004,496.58299999999997
683.92999999999995,467.33300000000008
684.03999999999996,462.83300000000008
684.13999999999999,450.83300000000008
684.24000000000001,423.83300000000008
684.34000000000003,414.83300000000008
684.44000000000005,426.33300000000008
684.54999999999995,460.58300000000008
684.64999999999998,473.58300000000008
684.75,470.58300000000008
684.85000000000002,461.08300000000008
684.95000000000005,452.33300000000008
685.05999999999995,447.58300000000008
685.15999999999997,431.08300000000008
685.25999999999999,419.33300000000008
685.36000000000001,416.08300000000008
685.46000000000004,434.83300000000008
685.57000000000005,451.83300000000008
685.66999999999996,456.58300000000008
685.76999999999998,472.83300000000008
685.87,445.08300000000008
685.97000000000003,415.83300000000008
686.08000000000004,444.83300000000008
686.17999999999995,465.83300000000008
686.27999999999997,475.08300000000008
686.38,479.58300000000008
686.48000000000002,462.33300000000008
686.59000000000003,455.83300000000008
686.69000000000005,480.33300000000008
686.78999999999996,474.08300000000008
686.88999999999999,452.58300000000008
686.99000000000001,477.58300000000008
687.09000000000003,494.33300000000008
687.20000000000005,494.08300000000008
687.29999999999995,471.83300000000008
687.39999999999998,438.83300000000008
687.5,444.83300000000008
687.60000000000002,459.33300000000008
687.70000000000005,457.08300000000008
687.79999999999995,442.33300000000008
687.90999999999997,458.83300000000003
688.00999999999999,492.83299999999997
688.11000000000001,493.08300000000008
688.21000000000004,489.58300000000008
688.30999999999995,495.83300000000008
688.40999999999997,499.08300000000008
688.50999999999999,487.08300000000008
688.62,467.58300000000008
688.72000000000003,465.33300000000008
688.82000000000005,455.58300000000008
688.91999999999996,430.58300000000008
689.01999999999998,411.08300000000008
689.12,405.08300000000008
689.22000000000003,421.58300000000008
689.32000000000005,436.58300000000008
689.42999999999995,440.33300000000008
689.52999999999997,433.58300000000008
689.63,414.33300000000008
689.73000000000002,405.08300000000008
689.83000000000004,404.33300000000008
689.92999999999995,415.08300000000008
690.02999999999997,432.33300000000008
690.13,445.33300000000008
690.23000000000002,445.08300000000008
690.34000000000003,429.58300000000008
690.44000000000005,427.08300000000008
690.53999999999996,423.83300000000008
690.63999999999999,413.83300000000008
690.74000000000001,419.33300000000008
690.84000000000003,418.58300000000008
690.94000000000005,399.08300000000008
691.03999999999996,397.83300000000008
691.13999999999999,399.33300000000008
691.24000000000001,408.08300000000008
691.34000000000003,431.83300000000008
691.45000000000005,417.83300000000008
691.54999999999995,389.83300000000008
691.64999999999998,391.58300000000008
691.75,416.83300000000008
